"CustomerID","R_Score","F_Score","M_Score","Total_Score","User_Segment"
"12346","1","2","5","8","挽留用户"
"12347","5","3","4","12","发展用户"
"12348","3","3","3","9","一般用户"
"12349","5","2","4","11","一般用户"
"12350","1","1","2","4","流失风险用户"
"12351","1","1","2","4","流失风险用户"
"12352","4","3","3","10","发展用户"
"12353","1","2","2","5","流失风险用户"
"12354","1","1","3","5","挽留用户"
"12355","1","2","3","6","挽留用户"
"12356","5","3","4","12","发展用户"
"12357","4","2","5","11","一般用户"
"12358","5","3","3","11","发展用户"
"12359","4","4","5","13","高价值用户"
"12360","4","3","4","11","发展用户"
"12361","1","2","2","5","流失风险用户"
"12362","5","4","4","13","高价值用户"
"12363","3","2","3","8","一般用户"
"12364","5","2","3","10","一般用户"
"12365","1","1","2","4","流失风险用户"
"12366","1","1","3","5","挽留用户"
"12367","5","1","2","8","一般用户"
"12368","1","1","3","5","挽留用户"
"12369","1","2","3","6","挽留用户"
"12370","4","3","4","11","发展用户"
"12371","4","2","4","10","一般用户"
"12372","3","2","3","8","一般用户"
"12373","1","2","3","6","挽留用户"
"12374","5","2","4","11","一般用户"
"12375","5","2","2","9","一般用户"
"12376","1","2","2","5","流失风险用户"
"12377","1","2","4","7","挽留用户"
"12378","2","2","5","9","挽留用户"
"12379","3","2","3","8","一般用户"
"12380","5","3","5","13","发展用户"
"12381","5","2","3","10","一般用户"
"12383","1","3","3","7","挽留用户"
"12384","5","2","2","9","一般用户"
"12385","1","1","3","5","挽留用户"
"12386","1","2","3","6","挽留用户"
"12387","1","1","2","4","流失风险用户"
"12388","5","3","4","12","发展用户"
"12389","1","2","3","6","挽留用户"
"12390","3","1","2","6","一般用户"
"12391","5","3","4","12","发展用户"
"12392","1","1","2","4","流失风险用户"
"12393","3","3","4","10","一般用户"
"12394","3","2","3","8","一般用户"
"12395","5","4","4","13","高价值用户"
"12396","1","1","3","5","挽留用户"
"12397","4","2","4","10","一般用户"
"12398","4","1","3","8","一般用户"
"12399","3","3","3","9","一般用户"
"12400","1","1","2","4","流失风险用户"
"12401","1","1","1","3","流失风险用户"
"12402","1","3","3","7","挽留用户"
"12403","4","1","1","6","一般用户"
"12405","2","1","3","6","挽留用户"
"12406","5","3","5","13","发展用户"
"12407","4","3","3","10","发展用户"
"12408","4","3","4","11","发展用户"
"12409","3","3","5","11","一般用户"
"12410","1","2","3","6","挽留用户"
"12411","1","1","2","4","流失风险用户"
"12412","3","3","4","10","一般用户"
"12413","3","2","3","8","一般用户"
"12414","1","2","2","5","流失风险用户"
"12415","5","5","5","15","高价值用户"
"12416","1","1","2","4","流失风险用户"
"12417","5","5","5","15","高价值用户"
"12418","3","2","3","8","一般用户"
"12419","1","2","2","5","流失风险用户"
"12420","3","1","3","7","一般用户"
"12421","5","3","3","11","发展用户"
"12422","3","4","4","11","一般用户"
"12423","5","4","4","13","高价值用户"
"12424","2","2","4","8","挽留用户"
"12425","3","2","3","8","一般用户"
"12426","1","2","3","6","挽留用户"
"12427","5","2","3","10","一般用户"
"12428","5","3","5","13","发展用户"
"12429","5","3","5","13","发展用户"
"12430","4","1","2","7","一般用户"
"12431","4","5","5","14","高价值用户"
"12432","4","2","4","10","一般用户"
"12433","5","3","5","13","发展用户"
"12434","3","2","3","8","一般用户"
"12435","3","3","5","11","一般用户"
"12436","3","1","2","6","一般用户"
"12437","5","5","5","15","高价值用户"
"12438","5","2","4","11","一般用户"
"12439","1","2","3","6","挽留用户"
"12440","1","2","3","6","挽留用户"
"12441","1","1","2","4","流失风险用户"
"12442","5","1","2","8","一般用户"
"12443","1","1","2","4","流失风险用户"
"12444","5","3","4","12","发展用户"
"12445","5","2","2","9","一般用户"
"12446","4","1","3","8","一般用户"
"12447","1","1","2","4","流失风险用户"
"12448","4","1","2","7","一般用户"
"12449","5","3","4","12","发展用户"
"12450","2","3","3","8","挽留用户"
"12451","5","3","5","13","发展用户"
"12452","5","1","2","8","一般用户"
"12453","2","1","3","6","挽留用户"
"12454","4","2","5","11","一般用户"
"12455","3","3","4","10","一般用户"
"12456","4","2","4","10","一般用户"
"12457","3","3","4","10","一般用户"
"12458","3","2","3","8","一般用户"
"12459","1","1","2","4","流失风险用户"
"12460","1","1","2","4","流失风险用户"
"12461","2","1","3","6","挽留用户"
"12462","5","2","3","10","一般用户"
"12463","4","2","3","9","一般用户"
"12464","5","3","3","11","发展用户"
"12465","5","2","3","10","一般用户"
"12467","1","1","2","4","流失风险用户"
"12468","1","3","4","8","挽留用户"
"12469","1","2","4","7","挽留用户"
"12470","1","1","2","4","流失风险用户"
"12471","5","5","5","15","高价值用户"
"12472","4","4","5","13","高价值用户"
"12473","4","2","4","10","一般用户"
"12474","5","5","5","15","高价值用户"
"12475","4","2","3","9","一般用户"
"12476","5","4","5","14","高价值用户"
"12477","5","3","5","13","发展用户"
"12478","5","1","3","9","一般用户"
"12479","5","1","2","8","一般用户"
"12480","5","3","4","12","发展用户"
"12481","5","4","5","14","高价值用户"
"12482","1","5","5","11","挽留用户"
"12483","5","4","4","13","高价值用户"
"12484","4","3","4","11","发展用户"
"12485","1","1","3","5","挽留用户"
"12486","1","1","3","5","挽留用户"
"12487","1","1","2","4","流失风险用户"
"12488","5","2","3","10","一般用户"
"12489","1","1","2","4","流失风险用户"
"12490","5","5","5","15","高价值用户"
"12491","4","1","2","7","一般用户"
"12492","3","2","3","8","一般用户"
"12493","2","2","2","6","流失风险用户"
"12494","5","3","3","11","发展用户"
"12495","1","1","2","4","流失风险用户"
"12496","1","2","1","4","流失风险用户"
"12497","3","2","5","10","一般用户"
"12498","5","2","2","9","一般用户"
"12499","1","1","2","4","流失风险用户"
"12500","5","4","5","14","高价值用户"
"12501","1","1","3","5","挽留用户"
"12502","3","3","4","10","一般用户"
"12504","5","2","3","10","一般用户"
"12505","1","1","3","5","挽留用户"
"12506","1","1","1","3","流失风险用户"
"12507","2","2","3","7","挽留用户"
"12508","5","2","2","9","一般用户"
"12509","1","1","2","4","流失风险用户"
"12510","2","3","4","9","挽留用户"
"12511","1","1","4","6","挽留用户"
"12512","3","2","2","7","一般用户"
"12513","3","1","3","7","一般用户"
"12514","1","2","3","6","挽留用户"
"12515","1","1","2","4","流失风险用户"
"12516","3","2","3","8","一般用户"
"12517","5","2","4","11","一般用户"
"12518","5","3","3","11","发展用户"
"12519","3","2","3","8","一般用户"
"12520","3","3","4","10","一般用户"
"12521","2","1","3","6","挽留用户"
"12522","4","2","2","8","一般用户"
"12523","5","5","4","14","高价值用户"
"12524","5","4","5","14","高价值用户"
"12525","1","2","3","6","挽留用户"
"12526","5","2","3","10","一般用户"
"12527","3","3","3","9","一般用户"
"12528","5","3","3","11","发展用户"
"12529","1","1","2","4","流失风险用户"
"12530","4","3","4","11","发展用户"
"12531","5","2","3","10","一般用户"
"12532","4","1","2","7","一般用户"
"12533","1","2","3","6","挽留用户"
"12534","2","1","3","6","挽留用户"
"12535","3","2","3","8","一般用户"
"12536","4","1","4","9","一般用户"
"12537","1","1","3","5","挽留用户"
"12538","5","2","3","10","一般用户"
"12539","5","3","5","13","发展用户"
"12540","5","5","5","15","高价值用户"
"12541","5","2","3","10","一般用户"
"12542","1","2","2","5","流失风险用户"
"12543","1","1","3","5","挽留用户"
"12544","4","1","2","7","一般用户"
"12545","3","2","3","8","一般用户"
"12546","4","2","3","9","一般用户"
"12547","1","2","2","5","流失风险用户"
"12548","2","1","1","4","流失风险用户"
"12549","1","3","3","7","挽留用户"
"12550","3","1","3","7","一般用户"
"12551","1","1","2","4","流失风险用户"
"12552","4","1","2","7","一般用户"
"12553","5","4","4","13","高价值用户"
"12554","1","1","2","4","流失风险用户"
"12556","4","2","3","9","一般用户"
"12557","5","3","4","12","发展用户"
"12558","5","1","2","8","一般用户"
"12559","1","2","3","6","挽留用户"
"12560","5","2","3","10","一般用户"
"12561","1","1","2","4","流失风险用户"
"12562","5","3","4","12","发展用户"
"12563","1","1","2","4","流失风险用户"
"12564","1","1","2","4","流失风险用户"
"12565","1","1","2","4","流失风险用户"
"12566","3","1","2","6","一般用户"
"12567","5","4","5","14","高价值用户"
"12568","1","1","1","3","流失风险用户"
"12569","5","5","4","14","高价值用户"
"12571","4","2","3","9","一般用户"
"12572","5","2","3","10","一般用户"
"12573","1","3","2","6","挽留用户"
"12574","1","1","2","4","流失风险用户"
"12575","1","2","3","6","挽留用户"
"12576","4","3","3","10","发展用户"
"12577","4","3","3","10","发展用户"
"12578","5","2","4","11","一般用户"
"12579","3","1","2","6","一般用户"
"12580","1","2","3","6","挽留用户"
"12581","4","1","2","7","一般用户"
"12582","1","2","3","6","挽留用户"
"12583","5","5","5","15","高价值用户"
"12584","5","3","4","12","发展用户"
"12585","1","2","3","6","挽留用户"
"12586","5","2","3","10","一般用户"
"12587","5","1","2","8","一般用户"
"12588","4","2","3","9","一般用户"
"12589","5","3","4","12","发展用户"
"12590","1","1","5","7","挽留用户"
"12591","1","2","3","6","挽留用户"
"12592","3","2","3","8","一般用户"
"12593","3","2","2","7","一般用户"
"12594","4","4","4","12","高价值用户"
"12595","1","1","2","4","流失风险用户"
"12596","4","2","2","8","一般用户"
"12597","5","2","4","11","一般用户"
"12598","5","4","4","13","高价值用户"
"12599","5","4","4","13","高价值用户"
"12600","5","4","4","13","高价值用户"
"12601","1","3","3","7","挽留用户"
"12602","4","1","2","7","一般用户"
"12603","5","1","3","9","一般用户"
"12604","3","2","2","7","一般用户"
"12605","1","2","3","6","挽留用户"
"12607","3","1","3","7","一般用户"
"12608","1","1","2","4","流失风险用户"
"12609","3","3","4","10","一般用户"
"12610","5","2","3","10","一般用户"
"12611","4","1","3","8","一般用户"
"12612","3","1","1","5","一般用户"
"12613","4","3","5","12","发展用户"
"12614","1","1","2","4","流失风险用户"
"12615","5","3","5","13","发展用户"
"12616","3","2","3","8","一般用户"
"12617","5","1","2","8","一般用户"
"12618","5","1","2","8","一般用户"
"12619","5","3","4","12","发展用户"
"12620","5","2","3","10","一般用户"
"12621","5","5","5","15","高价值用户"
"12622","1","1","2","4","流失风险用户"
"12623","1","3","4","8","挽留用户"
"12624","3","2","3","8","一般用户"
"12625","1","2","4","7","挽留用户"
"12626","5","3","5","13","发展用户"
"12627","5","3","4","12","发展用户"
"12628","5","2","3","10","一般用户"
"12629","1","2","3","6","挽留用户"
"12630","5","2","3","10","一般用户"
"12631","4","3","4","11","发展用户"
"12632","1","2","3","6","挽留用户"
"12633","4","3","4","11","发展用户"
"12634","1","1","2","4","流失风险用户"
"12635","3","2","4","9","一般用户"
"12637","3","4","5","12","一般用户"
"12638","4","2","3","9","一般用户"
"12639","1","2","3","6","挽留用户"
"12640","5","2","3","10","一般用户"
"12641","3","1","2","6","一般用户"
"12642","5","2","3","10","一般用户"
"12643","2","4","5","11","挽留用户"
"12644","2","2","3","7","挽留用户"
"12645","4","3","4","11","发展用户"
"12646","5","2","3","10","一般用户"
"12647","5","5","5","15","高价值用户"
"12648","2","2","3","7","挽留用户"
"12649","3","3","3","9","一般用户"
"12650","5","1","2","8","一般用户"
"12651","1","2","2","5","流失风险用户"
"12652","1","2","3","6","挽留用户"
"12653","2","2","4","8","挽留用户"
"12654","5","3","3","11","发展用户"
"12655","1","1","2","4","流失风险用户"
"12656","5","3","5","13","发展用户"
"12657","5","2","3","10","一般用户"
"12658","5","1","2","8","一般用户"
"12659","5","1","1","7","一般用户"
"12660","5","1","2","8","一般用户"
"12661","1","1","2","4","流失风险用户"
"12662","5","5","5","15","高价值用户"
"12663","1","2","2","5","流失风险用户"
"12664","3","2","1","6","一般用户"
"12665","1","2","2","5","流失风险用户"
"12666","1","1","3","5","挽留用户"
"12667","4","1","2","7","一般用户"
"12668","5","3","5","13","发展用户"
"12669","2","2","3","7","挽留用户"
"12670","5","3","4","12","发展用户"
"12671","1","1","4","6","挽留用户"
"12672","1","2","2","5","流失风险用户"
"12673","5","2","3","10","一般用户"
"12674","4","2","3","9","一般用户"
"12675","1","2","3","6","挽留用户"
"12676","5","4","4","13","高价值用户"
"12677","1","2","2","5","流失风险用户"
"12678","4","4","5","13","高价值用户"
"12679","4","2","3","9","一般用户"
"12680","5","2","3","10","一般用户"
"12681","5","5","5","15","高价值用户"
"12682","5","5","5","15","高价值用户"
"12683","5","4","5","14","高价值用户"
"12684","5","3","4","12","发展用户"
"12685","5","3","4","12","发展用户"
"12686","1","1","2","4","流失风险用户"
"12687","1","1","3","5","挽留用户"
"12688","3","1","4","8","一般用户"
"12689","5","2","3","10","一般用户"
"12690","1","1","2","4","流失风险用户"
"12691","5","3","3","11","发展用户"
"12692","1","1","1","3","流失风险用户"
"12693","2","3","3","8","挽留用户"
"12694","3","2","3","8","一般用户"
"12695","5","3","3","11","发展用户"
"12696","1","2","3","6","挽留用户"
"12697","5","2","3","10","一般用户"
"12698","1","1","2","4","流失风险用户"
"12699","1","1","2","4","流失风险用户"
"12700","5","2","4","11","一般用户"
"12701","3","3","4","10","一般用户"
"12702","5","1","2","8","一般用户"
"12703","3","2","3","8","一般用户"
"12704","5","3","3","11","发展用户"
"12705","5","4","5","14","高价值用户"
"12707","1","1","3","5","挽留用户"
"12708","4","4","4","12","高价值用户"
"12709","5","5","5","15","高价值用户"
"12710","3","2","3","8","一般用户"
"12711","1","2","3","6","挽留用户"
"12712","5","5","5","15","高价值用户"
"12713","5","1","3","9","一般用户"
"12714","5","4","5","14","高价值用户"
"12715","3","1","2","6","一般用户"
"12716","5","2","3","10","一般用户"
"12717","2","2","3","7","挽留用户"
"12718","3","1","2","6","一般用户"
"12719","5","2","3","10","一般用户"
"12720","5","5","5","15","高价值用户"
"12721","4","3","4","11","发展用户"
"12722","3","2","3","8","一般用户"
"12723","5","3","3","11","发展用户"
"12724","5","3","3","11","发展用户"
"12725","1","2","3","6","挽留用户"
"12726","5","4","4","13","高价值用户"
"12727","5","4","4","13","高价值用户"
"12728","3","3","3","9","一般用户"
"12729","3","1","2","6","一般用户"
"12730","1","1","3","5","挽留用户"
"12731","5","4","5","14","高价值用户"
"12732","2","1","2","5","流失风险用户"
"12733","1","2","4","7","挽留用户"
"12734","1","2","2","5","流失风险用户"
"12735","1","2","3","6","挽留用户"
"12736","1","1","2","4","流失风险用户"
"12738","1","1","2","4","流失风险用户"
"12739","3","2","4","9","一般用户"
"12740","3","1","2","6","一般用户"
"12741","1","1","2","4","流失风险用户"
"12742","1","1","3","5","挽留用户"
"12743","2","2","3","7","挽留用户"
"12744","4","3","5","12","发展用户"
"12745","1","2","3","6","挽留用户"
"12746","1","1","2","4","流失风险用户"
"12747","5","5","5","15","高价值用户"
"12748","5","5","5","15","高价值用户"
"12749","5","3","5","13","发展用户"
"12750","2","1","2","5","流失风险用户"
"12751","1","1","2","4","流失风险用户"
"12752","3","1","4","8","一般用户"
"12753","5","3","5","13","发展用户"
"12754","1","2","4","7","挽留用户"
"12755","1","4","5","10","挽留用户"
"12756","3","1","2","6","一般用户"
"12757","5","3","4","12","发展用户"
"12758","3","3","5","11","一般用户"
"12759","4","3","4","11","发展用户"
"12760","1","1","2","4","流失风险用户"
"12761","1","1","3","5","挽留用户"
"12762","5","2","3","10","一般用户"
"12763","2","2","3","7","挽留用户"
"12764","1","1","3","5","挽留用户"
"12765","1","3","3","7","挽留用户"
"12766","5","3","5","13","发展用户"
"12767","1","1","3","5","挽留用户"
"12768","1","1","2","4","流失风险用户"
"12769","1","1","3","5","挽留用户"
"12770","1","2","4","7","挽留用户"
"12771","1","1","2","4","流失风险用户"
"12772","4","1","3","8","一般用户"
"12773","1","1","2","4","流失风险用户"
"12774","1","1","1","3","流失风险用户"
"12775","5","3","3","11","发展用户"
"12776","1","1","1","3","流失风险用户"
"12777","1","1","2","4","流失风险用户"
"12778","5","3","3","11","发展用户"
"12779","4","4","5","13","高价值用户"
"12780","1","1","2","4","流失风险用户"
"12781","3","2","3","8","一般用户"
"12782","5","4","4","13","高价值用户"
"12783","5","2","3","10","一般用户"
"12784","5","2","3","10","一般用户"
"12785","1","2","3","6","挽留用户"
"12786","1","1","3","5","挽留用户"
"12787","5","2","3","10","一般用户"
"12788","1","2","2","5","流失风险用户"
"12789","3","2","2","7","一般用户"
"12790","1","2","3","6","挽留用户"
"12791","1","3","3","7","挽留用户"
"12792","1","2","3","6","挽留用户"
"12793","1","2","3","6","挽留用户"
"12794","4","2","3","9","一般用户"
"12795","5","1","2","8","一般用户"
"12796","1","1","2","4","流失风险用户"
"12797","1","2","2","5","流失风险用户"
"12798","5","2","5","12","一般用户"
"12799","1","1","2","4","流失风险用户"
"12800","1","2","2","5","流失风险用户"
"12801","1","1","3","5","挽留用户"
"12802","1","3","3","7","挽留用户"
"12803","1","1","3","5","挽留用户"
"12804","1","2","2","5","流失风险用户"
"12805","1","2","3","6","挽留用户"
"12806","1","2","4","7","挽留用户"
"12807","1","1","2","4","流失风险用户"
"12808","4","3","3","10","发展用户"
"12809","2","2","3","7","挽留用户"
"12810","1","2","2","5","流失风险用户"
"12811","1","2","3","6","挽留用户"
"12812","4","1","2","7","一般用户"
"12813","1","2","3","6","挽留用户"
"12814","3","1","1","5","一般用户"
"12815","2","2","3","7","挽留用户"
"12816","3","2","2","7","一般用户"
"12817","1","2","3","6","挽留用户"
"12818","1","1","3","5","挽留用户"
"12819","1","1","3","5","挽留用户"
"12820","5","4","4","13","高价值用户"
"12821","1","2","2","5","流失风险用户"
"12822","3","2","3","8","一般用户"
"12823","3","4","5","12","一般用户"
"12824","4","1","2","7","一般用户"
"12825","1","2","2","5","流失风险用户"
"12826","5","4","4","13","高价值用户"
"12827","5","2","2","9","一般用户"
"12828","5","3","3","11","发展用户"
"12829","1","2","2","5","流失风险用户"
"12830","4","3","5","12","发展用户"
"12831","1","2","2","5","流失风险用户"
"12832","4","2","2","8","一般用户"
"12833","2","1","2","5","流失风险用户"
"12834","1","1","2","4","流失风险用户"
"12835","1","5","5","11","挽留用户"
"12836","4","4","5","13","高价值用户"
"12837","2","2","3","7","挽留用户"
"12838","4","4","4","12","高价值用户"
"12839","5","5","5","15","高价值用户"
"12840","2","3","4","9","挽留用户"
"12841","5","5","5","15","高价值用户"
"12842","3","2","3","8","一般用户"
"12843","3","5","4","12","一般用户"
"12844","5","2","3","10","一般用户"
"12845","1","2","2","5","流失风险用户"
"12847","5","2","3","10","一般用户"
"12848","1","1","1","3","流失风险用户"
"12849","4","3","4","11","发展用户"
"12850","1","1","2","4","流失风险用户"
"12851","3","2","2","7","一般用户"
"12852","1","1","2","4","流失风险用户"
"12853","2","4","4","10","挽留用户"
"12854","3","3","4","10","一般用户"
"12855","1","2","3","6","挽留用户"
"12856","5","3","4","12","发展用户"
"12857","1","3","4","8","挽留用户"
"12858","1","1","2","4","流失风险用户"
"12859","1","1","2","4","流失风险用户"
"12860","1","1","1","3","流失风险用户"
"12861","1","1","1","3","流失风险用户"
"12862","1","2","3","6","挽留用户"
"12863","4","3","4","11","发展用户"
"12864","2","2","2","6","流失风险用户"
"12865","5","2","4","11","一般用户"
"12866","1","2","3","6","挽留用户"
"12867","5","4","5","14","高价值用户"
"12868","1","3","4","8","挽留用户"
"12869","1","1","2","4","流失风险用户"
"12870","1","2","3","6","挽留用户"
"12871","3","2","2","7","一般用户"
"12872","1","4","4","9","挽留用户"
"12873","1","2","3","6","挽留用户"
"12874","1","2","3","6","挽留用户"
"12875","2","3","3","8","挽留用户"
"12876","4","2","4","10","一般用户"
"12877","5","5","4","14","高价值用户"
"12878","1","2","3","6","挽留用户"
"12879","4","2","3","9","一般用户"
"12880","1","2","3","6","挽留用户"
"12881","1","1","2","4","流失风险用户"
"12882","5","2","3","10","一般用户"
"12883","5","2","3","10","一般用户"
"12884","3","1","2","6","一般用户"
"12885","3","2","3","8","一般用户"
"12886","3","2","3","8","一般用户"
"12887","1","1","2","4","流失风险用户"
"12888","1","2","2","5","流失风险用户"
"12889","1","2","2","5","流失风险用户"
"12890","5","2","3","10","一般用户"
"12891","1","4","3","8","挽留用户"
"12892","1","1","2","4","流失风险用户"
"12893","4","1","2","7","一般用户"
"12894","1","1","2","4","流失风险用户"
"12895","4","2","2","8","一般用户"
"12897","1","2","2","5","流失风险用户"
"12898","1","2","2","5","流失风险用户"
"12899","1","1","2","4","流失风险用户"
"12900","1","1","2","4","流失风险用户"
"12901","5","5","5","15","高价值用户"
"12902","1","1","2","4","流失风险用户"
"12903","1","1","3","5","挽留用户"
"12904","5","2","2","9","一般用户"
"12905","1","2","3","6","挽留用户"
"12906","5","3","4","12","发展用户"
"12907","1","2","2","5","流失风险用户"
"12908","2","3","3","8","挽留用户"
"12909","4","3","4","11","发展用户"
"12910","5","4","5","14","高价值用户"
"12911","1","1","3","5","挽留用户"
"12912","5","3","3","11","发展用户"
"12913","5","4","5","14","高价值用户"
"12914","1","1","2","4","流失风险用户"
"12915","2","2","3","7","挽留用户"
"12916","2","3","4","9","挽留用户"
"12917","1","3","3","7","挽留用户"
"12919","5","3","3","11","发展用户"
"12920","5","2","2","9","一般用户"
"12921","5","5","5","15","高价值用户"
"12922","2","1","2","5","流失风险用户"
"12923","3","2","3","8","一般用户"
"12924","3","4","4","11","一般用户"
"12925","5","2","3","10","一般用户"
"12926","1","2","3","6","挽留用户"
"12927","1","1","2","4","流失风险用户"
"12928","4","4","4","12","高价值用户"
"12929","1","1","2","4","流失风险用户"
"12930","3","2","2","7","一般用户"
"12931","5","5","5","15","高价值用户"
"12932","1","3","3","7","挽留用户"
"12933","5","3","3","11","发展用户"
"12934","1","1","1","3","流失风险用户"
"12935","5","4","4","13","高价值用户"
"12936","5","2","3","10","一般用户"
"12937","5","3","4","12","发展用户"
"12938","5","1","1","7","一般用户"
"12939","3","5","5","13","一般用户"
"12940","4","2","3","9","一般用户"
"12941","1","1","2","4","流失风险用户"
"12942","2","2","3","7","挽留用户"
"12943","1","2","2","5","流失风险用户"
"12944","4","2","3","9","一般用户"
"12945","1","2","3","6","挽留用户"
"12946","1","1","2","4","流失风险用户"
"12947","2","3","3","8","挽留用户"
"12948","5","3","4","12","发展用户"
"12949","4","5","5","14","高价值用户"
"12950","5","2","3","10","一般用户"
"12951","5","4","4","13","高价值用户"
"12952","5","2","3","10","一般用户"
"12953","5","2","3","10","一般用户"
"12954","1","1","2","4","流失风险用户"
"12955","5","4","4","13","高价值用户"
"12956","1","2","2","5","流失风险用户"
"12957","5","4","5","14","高价值用户"
"12958","1","2","3","6","挽留用户"
"12959","1","1","2","4","流失风险用户"
"12960","1","2","3","6","挽留用户"
"12961","1","1","2","4","流失风险用户"
"12962","5","2","2","9","一般用户"
"12963","5","4","4","13","高价值用户"
"12964","1","1","1","3","流失风险用户"
"12965","3","1","3","7","一般用户"
"12966","5","1","2","8","一般用户"
"12967","1","2","4","7","挽留用户"
"12968","3","1","2","6","一般用户"
"12969","1","1","2","4","流失风险用户"
"12970","5","4","3","12","发展用户"
"12971","5","5","5","15","高价值用户"
"12972","1","2","3","6","挽留用户"
"12973","1","1","2","4","流失风险用户"
"12974","1","2","2","5","流失风险用户"
"12975","1","3","3","7","挽留用户"
"12976","1","3","4","8","挽留用户"
"12977","2","2","2","6","流失风险用户"
"12978","1","3","3","7","挽留用户"
"12979","1","1","2","4","流失风险用户"
"12980","2","4","4","10","挽留用户"
"12981","5","2","2","9","一般用户"
"12982","1","3","4","8","挽留用户"
"12983","1","1","2","4","流失风险用户"
"12984","5","1","1","7","一般用户"
"12985","5","2","3","10","一般用户"
"12986","1","4","4","9","挽留用户"
"12987","3","3","3","9","一般用户"
"12988","1","1","2","4","流失风险用户"
"12989","5","5","5","15","高价值用户"
"12990","4","3","2","9","发展用户"
"12991","5","2","3","10","一般用户"
"12992","1","1","1","3","流失风险用户"
"12993","5","3","3","11","发展用户"
"12994","5","2","3","10","一般用户"
"12995","3","1","2","6","一般用户"
"12996","1","1","2","4","流失风险用户"
"12997","5","3","3","11","发展用户"
"12998","1","2","3","6","挽留用户"
"12999","1","2","2","5","流失风险用户"
"13000","3","2","3","8","一般用户"
"13001","5","5","5","15","高价值用户"
"13002","1","2","2","5","流失风险用户"
"13003","3","2","2","7","一般用户"
"13004","5","5","5","15","高价值用户"
"13005","2","2","3","7","挽留用户"
"13006","4","1","1","6","一般用户"
"13007","1","1","2","4","流失风险用户"
"13008","1","2","3","6","挽留用户"
"13009","1","1","2","4","流失风险用户"
"13010","1","2","2","5","流失风险用户"
"13011","1","1","1","3","流失风险用户"
"13012","5","4","4","13","高价值用户"
"13013","5","5","5","15","高价值用户"
"13014","5","4","4","13","高价值用户"
"13015","4","4","5","13","高价值用户"
"13016","3","2","3","8","一般用户"
"13017","5","1","2","8","一般用户"
"13018","5","5","5","15","高价值用户"
"13019","1","3","3","7","挽留用户"
"13020","1","2","3","6","挽留用户"
"13021","5","4","4","13","高价值用户"
"13022","1","1","1","3","流失风险用户"
"13023","3","2","3","8","一般用户"
"13024","1","2","3","6","挽留用户"
"13025","1","1","2","4","流失风险用户"
"13026","5","3","3","11","发展用户"
"13027","3","4","5","12","一般用户"
"13028","5","2","2","9","一般用户"
"13029","4","3","3","10","发展用户"
"13030","5","2","3","10","一般用户"
"13031","1","3","4","8","挽留用户"
"13032","4","3","4","11","发展用户"
"13033","1","2","2","5","流失风险用户"
"13034","4","2","3","9","一般用户"
"13035","3","2","3","8","一般用户"
"13036","1","1","2","4","流失风险用户"
"13037","2","4","4","10","挽留用户"
"13038","3","2","3","8","一般用户"
"13039","1","2","3","6","挽留用户"
"13040","5","2","3","10","一般用户"
"13041","1","2","2","5","流失风险用户"
"13042","1","2","3","6","挽留用户"
"13043","1","1","3","5","挽留用户"
"13044","1","4","4","9","挽留用户"
"13045","3","2","3","8","一般用户"
"13046","4","2","3","9","一般用户"
"13047","4","5","5","14","高价值用户"
"13048","5","3","4","12","发展用户"
"13049","3","2","3","8","一般用户"
"13050","5","5","5","15","高价值用户"
"13051","1","2","2","5","流失风险用户"
"13052","1","3","4","8","挽留用户"
"13053","1","1","2","4","流失风险用户"
"13055","3","2","4","9","一般用户"
"13056","1","1","2","4","流失风险用户"
"13057","1","2","3","6","挽留用户"
"13058","5","2","2","9","一般用户"
"13059","1","4","3","8","挽留用户"
"13060","1","1","2","4","流失风险用户"
"13061","3","1","2","6","一般用户"
"13062","1","1","2","4","流失风险用户"
"13063","1","1","2","4","流失风险用户"
"13064","5","3","3","11","发展用户"
"13065","1","3","3","7","挽留用户"
"13066","5","2","2","9","一般用户"
"13067","3","2","2","7","一般用户"
"13069","5","5","5","15","高价值用户"
"13070","1","2","2","5","流失风险用户"
"13071","1","1","2","4","流失风险用户"
"13072","1","1","2","4","流失风险用户"
"13073","1","2","2","5","流失风险用户"
"13074","1","2","3","6","挽留用户"
"13075","2","1","3","6","挽留用户"
"13076","1","1","2","4","流失风险用户"
"13077","5","4","4","13","高价值用户"
"13078","5","5","5","15","高价值用户"
"13079","5","3","2","10","发展用户"
"13080","2","2","2","6","流失风险用户"
"13081","5","5","5","15","高价值用户"
"13082","2","5","5","12","挽留用户"
"13083","5","2","2","9","一般用户"
"13085","2","3","4","9","挽留用户"
"13086","1","1","2","4","流失风险用户"
"13087","1","1","2","4","流失风险用户"
"13088","1","1","2","4","流失风险用户"
"13089","5","5","5","15","高价值用户"
"13090","5","5","5","15","高价值用户"
"13091","5","2","3","10","一般用户"
"13092","3","4","3","10","一般用户"
"13093","1","5","5","11","挽留用户"
"13094","5","4","4","13","高价值用户"
"13095","3","1","1","5","一般用户"
"13096","1","1","2","4","流失风险用户"
"13097","4","5","5","14","高价值用户"
"13098","5","5","5","15","高价值用户"
"13099","3","1","2","6","一般用户"
"13101","1","2","3","6","挽留用户"
"13102","5","5","5","15","高价值用户"
"13103","4","2","3","9","一般用户"
"13104","5","3","3","11","发展用户"
"13105","1","1","1","3","流失风险用户"
"13106","2","2","3","7","挽留用户"
"13107","4","3","4","11","发展用户"
"13108","1","2","3","6","挽留用户"
"13109","4","2","3","9","一般用户"
"13110","4","4","4","12","高价值用户"
"13111","1","1","2","4","流失风险用户"
"13112","1","1","1","3","流失风险用户"
"13113","5","5","5","15","高价值用户"
"13114","1","1","2","4","流失风险用户"
"13115","5","4","5","14","高价值用户"
"13116","2","1","2","5","流失风险用户"
"13117","5","4","4","13","高价值用户"
"13118","5","3","4","12","发展用户"
"13119","1","1","1","3","流失风险用户"
"13120","1","1","1","3","流失风险用户"
"13121","1","1","2","4","流失风险用户"
"13122","3","2","3","8","一般用户"
"13123","1","2","2","5","流失风险用户"
"13124","3","2","4","9","一般用户"
"13125","1","1","2","4","流失风险用户"
"13126","5","4","4","13","高价值用户"
"13127","3","1","2","6","一般用户"
"13128","1","1","2","4","流失风险用户"
"13129","1","2","2","5","流失风险用户"
"13130","3","1","1","5","一般用户"
"13131","5","3","4","12","发展用户"
"13132","1","1","1","3","流失风险用户"
"13133","1","2","2","5","流失风险用户"
"13134","3","3","4","10","一般用户"
"13135","1","2","4","7","挽留用户"
"13136","4","4","5","13","高价值用户"
"13137","5","4","5","14","高价值用户"
"13138","5","3","3","11","发展用户"
"13139","5","3","5","13","发展用户"
"13140","3","3","3","9","一般用户"
"13141","3","4","5","12","一般用户"
"13142","5","1","2","8","一般用户"
"13143","1","1","2","4","流失风险用户"
"13144","1","2","2","5","流失风险用户"
"13145","4","3","3","10","发展用户"
"13146","5","1","2","8","一般用户"
"13147","5","2","3","10","一般用户"
"13148","5","5","5","15","高价值用户"
"13149","5","2","3","10","一般用户"
"13150","1","2","2","5","流失风险用户"
"13151","1","2","4","7","挽留用户"
"13152","1","3","3","7","挽留用户"
"13153","5","1","2","8","一般用户"
"13154","1","2","3","6","挽留用户"
"13155","4","3","3","10","发展用户"
"13156","1","2","3","6","挽留用户"
"13157","4","3","5","12","发展用户"
"13158","3","3","3","9","一般用户"
"13159","5","2","3","10","一般用户"
"13160","5","1","1","7","一般用户"
"13161","1","2","2","5","流失风险用户"
"13162","2","4","5","11","挽留用户"
"13163","1","1","1","3","流失风险用户"
"13164","1","2","2","5","流失风险用户"
"13165","4","2","3","9","一般用户"
"13166","1","2","3","6","挽留用户"
"13167","5","3","3","11","发展用户"
"13168","4","3","3","10","发展用户"
"13169","3","2","3","8","一般用户"
"13170","5","1","1","7","一般用户"
"13171","5","2","2","9","一般用户"
"13172","1","1","1","3","流失风险用户"
"13173","5","4","3","12","发展用户"
"13174","5","4","5","14","高价值用户"
"13175","1","2","3","6","挽留用户"
"13176","4","1","2","7","一般用户"
"13177","3","2","3","8","一般用户"
"13178","5","5","5","15","高价值用户"
"13179","1","1","3","5","挽留用户"
"13180","1","1","1","3","流失风险用户"
"13181","1","1","2","4","流失风险用户"
"13182","4","1","2","7","一般用户"
"13183","5","4","5","14","高价值用户"
"13184","5","4","3","12","发展用户"
"13185","1","1","1","3","流失风险用户"
"13186","4","2","3","9","一般用户"
"13187","1","2","2","5","流失风险用户"
"13188","5","1","2","8","一般用户"
"13189","5","2","2","9","一般用户"
"13190","1","2","3","6","挽留用户"
"13191","1","1","2","4","流失风险用户"
"13192","3","3","4","10","一般用户"
"13193","3","1","2","6","一般用户"
"13194","2","2","2","6","流失风险用户"
"13195","1","1","2","4","流失风险用户"
"13196","5","3","4","12","发展用户"
"13197","1","1","2","4","流失风险用户"
"13198","5","3","4","12","发展用户"
"13199","5","5","5","15","高价值用户"
"13200","5","2","3","10","一般用户"
"13201","1","2","3","6","挽留用户"
"13202","1","3","3","7","挽留用户"
"13203","5","4","4","13","高价值用户"
"13204","1","1","3","5","挽留用户"
"13205","1","1","4","6","挽留用户"
"13206","1","4","5","10","挽留用户"
"13207","5","2","2","9","一般用户"
"13208","4","3","3","10","发展用户"
"13209","4","4","5","13","高价值用户"
"13210","3","1","2","6","一般用户"
"13211","5","4","4","13","高价值用户"
"13212","5","2","3","10","一般用户"
"13213","4","4","4","12","高价值用户"
"13214","1","3","4","8","挽留用户"
"13216","1","1","2","4","流失风险用户"
"13217","2","2","3","7","挽留用户"
"13218","2","1","1","4","流失风险用户"
"13219","1","1","1","3","流失风险用户"
"13220","3","3","3","9","一般用户"
"13221","1","2","3","6","挽留用户"
"13222","1","1","1","3","流失风险用户"
"13223","1","2","2","5","流失风险用户"
"13224","3","2","4","9","一般用户"
"13225","5","4","5","14","高价值用户"
"13226","1","2","2","5","流失风险用户"
"13227","1","1","2","4","流失风险用户"
"13229","1","1","2","4","流失风险用户"
"13230","5","5","5","15","高价值用户"
"13232","5","3","3","11","发展用户"
"13233","3","2","3","8","一般用户"
"13234","1","2","2","5","流失风险用户"
"13235","1","1","3","5","挽留用户"
"13236","5","2","3","10","一般用户"
"13237","1","1","2","4","流失风险用户"
"13238","5","3","3","11","发展用户"
"13239","1","3","3","7","挽留用户"
"13240","3","3","3","9","一般用户"
"13241","1","1","2","4","流失风险用户"
"13242","3","3","3","9","一般用户"
"13243","1","3","3","7","挽留用户"
"13244","3","1","2","6","一般用户"
"13245","4","2","3","9","一般用户"
"13246","5","4","4","13","高价值用户"
"13247","5","2","2","9","一般用户"
"13248","2","2","2","6","流失风险用户"
"13249","3","3","3","9","一般用户"
"13250","1","2","2","5","流失风险用户"
"13251","1","1","2","4","流失风险用户"
"13252","1","2","2","5","流失风险用户"
"13253","2","2","4","8","挽留用户"
"13254","1","1","1","3","流失风险用户"
"13255","5","2","3","10","一般用户"
"13257","1","1","2","4","流失风险用户"
"13258","5","3","3","11","发展用户"
"13259","3","3","3","9","一般用户"
"13260","3","1","3","7","一般用户"
"13261","1","2","3","6","挽留用户"
"13262","1","2","3","6","挽留用户"
"13263","5","5","5","15","高价值用户"
"13264","1","1","3","5","挽留用户"
"13265","4","3","4","11","发展用户"
"13266","5","4","4","13","高价值用户"
"13267","5","5","5","15","高价值用户"
"13268","5","4","4","13","高价值用户"
"13269","5","5","5","15","高价值用户"
"13270","1","1","3","5","挽留用户"
"13271","4","1","2","7","一般用户"
"13272","4","2","2","8","一般用户"
"13273","3","1","2","6","一般用户"
"13274","1","1","2","4","流失风险用户"
"13275","1","2","2","5","流失风险用户"
"13276","3","3","3","9","一般用户"
"13277","5","3","3","11","发展用户"
"13278","4","2","3","9","一般用户"
"13279","3","1","2","6","一般用户"
"13280","2","3","4","9","挽留用户"
"13281","1","1","2","4","流失风险用户"
"13282","5","2","3","10","一般用户"
"13283","4","2","2","8","一般用户"
"13284","1","1","2","4","流失风险用户"
"13285","5","3","4","12","发展用户"
"13286","1","1","3","5","挽留用户"
"13287","1","2","3","6","挽留用户"
"13288","1","1","2","4","流失风险用户"
"13289","1","1","2","4","流失风险用户"
"13291","2","4","4","10","挽留用户"
"13292","4","3","3","10","发展用户"
"13293","1","3","3","7","挽留用户"
"13294","1","2","3","6","挽留用户"
"13295","1","2","3","6","挽留用户"
"13296","2","3","3","8","挽留用户"
"13297","5","3","4","12","发展用户"
"13298","5","1","2","8","一般用户"
"13299","1","2","3","6","挽留用户"
"13300","2","2","3","7","挽留用户"
"13301","3","2","3","8","一般用户"
"13302","1","1","1","3","流失风险用户"
"13303","1","1","1","3","流失风险用户"
"13304","1","2","3","6","挽留用户"
"13305","5","4","4","13","高价值用户"
"13306","1","1","1","3","流失风险用户"
"13307","2","2","2","6","流失风险用户"
"13308","5","2","3","10","一般用户"
"13309","5","3","3","11","发展用户"
"13310","5","3","3","11","发展用户"
"13311","5","2","3","10","一般用户"
"13312","1","1","2","4","流失风险用户"
"13313","5","4","4","13","高价值用户"
"13314","5","2","3","10","一般用户"
"13315","1","1","2","4","流失风险用户"
"13316","4","4","5","13","高价值用户"
"13317","3","4","5","12","一般用户"
"13318","5","2","3","10","一般用户"
"13319","5","5","5","15","高价值用户"
"13320","3","3","4","10","一般用户"
"13321","3","2","3","8","一般用户"
"13322","5","1","2","8","一般用户"
"13323","5","3","3","11","发展用户"
"13324","4","4","5","13","高价值用户"
"13325","3","1","3","7","一般用户"
"13326","1","1","2","4","流失风险用户"
"13327","4","4","5","13","高价值用户"
"13328","1","1","3","5","挽留用户"
"13329","4","3","5","12","发展用户"
"13330","3","3","4","10","一般用户"
"13331","1","1","2","4","流失风险用户"
"13332","5","1","2","8","一般用户"
"13333","1","2","3","6","挽留用户"
"13334","3","3","5","11","一般用户"
"13336","3","1","3","7","一般用户"
"13337","1","1","3","5","挽留用户"
"13338","2","2","4","8","挽留用户"
"13339","1","1","3","5","挽留用户"
"13340","4","4","5","13","高价值用户"
"13341","1","1","3","5","挽留用户"
"13343","2","1","2","5","流失风险用户"
"13344","3","2","4","9","一般用户"
"13345","1","1","2","4","流失风险用户"
"13346","1","2","2","5","流失风险用户"
"13347","3","1","2","6","一般用户"
"13348","3","1","2","6","一般用户"
"13349","5","1","2","8","一般用户"
"13350","5","2","3","10","一般用户"
"13351","3","1","2","6","一般用户"
"13352","3","1","2","6","一般用户"
"13354","3","1","3","7","一般用户"
"13355","2","1","3","6","挽留用户"
"13356","3","1","3","7","一般用户"
"13357","1","3","4","8","挽留用户"
"13358","1","1","2","4","流失风险用户"
"13359","3","2","3","8","一般用户"
"13360","1","2","3","6","挽留用户"
"13361","1","2","3","6","挽留用户"
"13362","5","3","4","12","发展用户"
"13363","5","2","3","10","一般用户"
"13364","3","1","2","6","一般用户"
"13365","4","2","4","10","一般用户"
"13366","4","1","1","6","一般用户"
"13367","1","1","2","4","流失风险用户"
"13368","1","2","3","6","挽留用户"
"13369","1","1","2","4","流失风险用户"
"13370","1","1","3","5","挽留用户"
"13371","1","2","4","7","挽留用户"
"13372","3","1","2","6","一般用户"
"13373","3","3","5","11","一般用户"
"13374","1","2","2","5","流失风险用户"
"13375","3","2","3","8","一般用户"
"13376","3","2","3","8","一般用户"
"13377","1","2","3","6","挽留用户"
"13379","5","2","3","10","一般用户"
"13380","1","1","1","3","流失风险用户"
"13381","4","4","5","13","高价值用户"
"13382","1","3","3","7","挽留用户"
"13383","1","1","2","4","流失风险用户"
"13384","4","4","5","13","高价值用户"
"13385","1","1","2","4","流失风险用户"
"13386","1","2","3","6","挽留用户"
"13387","1","1","2","4","流失风险用户"
"13388","2","2","3","7","挽留用户"
"13389","5","2","3","10","一般用户"
"13390","3","1","3","7","一般用户"
"13391","1","1","1","3","流失风险用户"
"13392","1","1","1","3","流失风险用户"
"13393","1","2","3","6","挽留用户"
"13394","5","4","5","14","高价值用户"
"13395","1","2","3","6","挽留用户"
"13396","5","2","3","10","一般用户"
"13397","3","4","4","11","一般用户"
"13398","1","2","3","6","挽留用户"
"13399","1","2","2","5","流失风险用户"
"13400","1","1","2","4","流失风险用户"
"13402","2","2","3","7","挽留用户"
"13403","5","2","2","9","一般用户"
"13404","5","2","2","9","一般用户"
"13405","1","3","3","7","挽留用户"
"13406","1","2","3","6","挽留用户"
"13407","1","2","4","7","挽留用户"
"13408","5","5","5","15","高价值用户"
"13410","5","3","4","12","发展用户"
"13411","3","1","2","6","一般用户"
"13412","1","1","2","4","流失风险用户"
"13413","1","3","2","6","挽留用户"
"13414","2","3","4","9","挽留用户"
"13415","1","2","2","5","流失风险用户"
"13416","4","2","3","9","一般用户"
"13417","5","3","3","11","发展用户"
"13418","5","5","5","15","高价值用户"
"13419","3","1","2","6","一般用户"
"13420","2","2","2","6","流失风险用户"
"13421","4","3","4","11","发展用户"
"13422","3","1","4","8","一般用户"
"13423","1","1","2","4","流失风险用户"
"13424","1","1","3","5","挽留用户"
"13425","3","3","4","10","一般用户"
"13426","5","5","5","15","高价值用户"
"13427","5","3","3","11","发展用户"
"13428","5","2","2","9","一般用户"
"13429","5","2","3","10","一般用户"
"13430","5","2","3","10","一般用户"
"13431","3","3","4","10","一般用户"
"13432","1","2","2","5","流失风险用户"
"13433","1","2","3","6","挽留用户"
"13434","3","3","3","9","一般用户"
"13435","5","3","4","12","发展用户"
"13436","5","1","2","8","一般用户"
"13437","5","3","4","12","发展用户"
"13438","1","1","1","3","流失风险用户"
"13439","1","2","3","6","挽留用户"
"13440","1","3","3","7","挽留用户"
"13441","3","2","3","8","一般用户"
"13442","1","2","2","5","流失风险用户"
"13443","1","3","3","7","挽留用户"
"13444","1","2","3","6","挽留用户"
"13445","1","1","2","4","流失风险用户"
"13446","1","4","4","9","挽留用户"
"13447","5","2","3","10","一般用户"
"13448","5","4","5","14","高价值用户"
"13449","5","1","2","8","一般用户"
"13450","5","4","4","13","高价值用户"
"13451","5","4","5","14","高价值用户"
"13452","1","2","3","6","挽留用户"
"13453","2","2","3","7","挽留用户"
"13454","1","1","2","4","流失风险用户"
"13455","5","3","4","12","发展用户"
"13456","5","3","3","11","发展用户"
"13457","1","2","1","4","流失风险用户"
"13458","5","4","5","14","高价值用户"
"13459","1","2","3","6","挽留用户"
"13460","5","2","2","9","一般用户"
"13461","4","3","4","11","发展用户"
"13462","1","3","3","7","挽留用户"
"13464","4","3","4","11","发展用户"
"13465","1","2","3","6","挽留用户"
"13466","1","3","3","7","挽留用户"
"13467","5","2","3","10","一般用户"
"13468","5","5","5","15","高价值用户"
"13469","1","1","1","3","流失风险用户"
"13470","3","2","2","7","一般用户"
"13471","5","2","4","11","一般用户"
"13472","1","2","2","5","流失风险用户"
"13473","3","3","4","10","一般用户"
"13474","1","2","3","6","挽留用户"
"13475","1","2","3","6","挽留用户"
"13476","2","3","3","8","挽留用户"
"13477","4","4","4","12","高价值用户"
"13478","1","3","3","7","挽留用户"
"13479","1","2","3","6","挽留用户"
"13480","1","2","2","5","流失风险用户"
"13481","4","4","4","12","高价值用户"
"13482","1","2","2","5","流失风险用户"
"13483","3","1","2","6","一般用户"
"13484","1","2","3","6","挽留用户"
"13485","1","4","4","9","挽留用户"
"13486","3","2","3","8","一般用户"
"13487","4","3","3","10","发展用户"
"13488","5","5","5","15","高价值用户"
"13489","3","2","2","7","一般用户"
"13490","1","1","2","4","流失风险用户"
"13491","4","5","4","13","高价值用户"
"13492","2","2","3","7","挽留用户"
"13493","1","2","2","5","流失风险用户"
"13494","1","1","2","4","流失风险用户"
"13495","5","4","4","13","高价值用户"
"13496","5","2","3","10","一般用户"
"13497","1","3","3","7","挽留用户"
"13498","1","1","2","4","流失风险用户"
"13499","5","3","3","11","发展用户"
"13500","5","2","3","10","一般用户"
"13501","1","2","4","7","挽留用户"
"13502","5","3","3","11","发展用户"
"13503","3","3","3","9","一般用户"
"13504","3","1","2","6","一般用户"
"13505","3","2","4","9","一般用户"
"13506","1","3","3","7","挽留用户"
"13507","5","2","4","11","一般用户"
"13508","1","2","2","5","流失风险用户"
"13509","5","3","3","11","发展用户"
"13510","5","4","4","13","高价值用户"
"13511","1","1","2","4","流失风险用户"
"13512","1","2","3","6","挽留用户"
"13513","2","2","3","7","挽留用户"
"13514","3","2","3","8","一般用户"
"13515","3","3","3","9","一般用户"
"13516","5","2","3","10","一般用户"
"13517","4","2","3","9","一般用户"
"13518","3","1","3","7","一般用户"
"13519","3","2","2","7","一般用户"
"13520","4","4","5","13","高价值用户"
"13521","5","2","3","10","一般用户"
"13522","4","1","2","7","一般用户"
"13523","4","3","4","11","发展用户"
"13524","4","3","3","10","发展用户"
"13525","5","2","3","10","一般用户"
"13526","1","2","3","6","挽留用户"
"13527","4","4","4","12","高价值用户"
"13529","3","2","2","7","一般用户"
"13530","1","1","2","4","流失风险用户"
"13531","1","3","3","7","挽留用户"
"13532","4","1","2","7","一般用户"
"13533","1","2","2","5","流失风险用户"
"13534","5","5","5","15","高价值用户"
"13535","1","1","1","3","流失风险用户"
"13536","5","3","4","12","发展用户"
"13537","1","2","3","6","挽留用户"
"13538","4","4","4","12","高价值用户"
"13539","3","3","3","9","一般用户"
"13540","1","2","3","6","挽留用户"
"13541","1","2","3","6","挽留用户"
"13542","1","4","4","9","挽留用户"
"13543","1","2","3","6","挽留用户"
"13544","4","3","3","10","发展用户"
"13545","1","2","2","5","流失风险用户"
"13546","5","3","3","11","发展用户"
"13547","1","1","2","4","流失风险用户"
"13548","3","2","3","8","一般用户"
"13549","5","3","3","11","发展用户"
"13550","1","1","2","4","流失风险用户"
"13551","1","2","2","5","流失风险用户"
"13552","3","5","5","13","一般用户"
"13553","1","1","2","4","流失风险用户"
"13554","1","3","3","7","挽留用户"
"13555","3","4","5","12","一般用户"
"13556","1","2","2","5","流失风险用户"
"13557","5","4","4","13","高价值用户"
"13558","5","2","3","10","一般用户"
"13559","1","2","3","6","挽留用户"
"13560","5","1","2","8","一般用户"
"13561","1","4","3","8","挽留用户"
"13562","3","3","4","10","一般用户"
"13563","3","2","3","8","一般用户"
"13564","1","5","5","11","挽留用户"
"13565","5","2","2","9","一般用户"
"13566","4","3","3","10","发展用户"
"13567","1","2","3","6","挽留用户"
"13568","2","1","2","5","流失风险用户"
"13569","5","2","3","10","一般用户"
"13570","1","1","2","4","流失风险用户"
"13571","5","5","4","14","高价值用户"
"13572","1","1","3","5","挽留用户"
"13573","4","3","3","10","发展用户"
"13574","1","1","2","4","流失风险用户"
"13575","5","3","3","11","发展用户"
"13576","5","5","5","15","高价值用户"
"13577","5","4","4","13","高价值用户"
"13578","1","1","2","4","流失风险用户"
"13579","5","3","3","11","发展用户"
"13580","1","1","1","3","流失风险用户"
"13581","1","2","2","5","流失风险用户"
"13582","1","2","2","5","流失风险用户"
"13583","2","2","3","7","挽留用户"
"13584","1","2","2","5","流失风险用户"
"13585","1","2","3","6","挽留用户"
"13586","1","1","2","4","流失风险用户"
"13587","3","2","3","8","一般用户"
"13588","5","3","4","12","发展用户"
"13589","5","3","3","11","发展用户"
"13590","5","4","5","14","高价值用户"
"13591","3","3","3","9","一般用户"
"13592","4","2","2","8","一般用户"
"13593","3","4","4","11","一般用户"
"13594","4","2","2","8","一般用户"
"13595","1","2","3","6","挽留用户"
"13596","5","2","3","10","一般用户"
"13597","1","2","2","5","流失风险用户"
"13598","4","2","3","9","一般用户"
"13599","5","5","5","15","高价值用户"
"13600","1","2","2","5","流失风险用户"
"13601","4","2","3","9","一般用户"
"13602","3","2","3","8","一般用户"
"13603","5","1","2","8","一般用户"
"13604","1","1","2","4","流失风险用户"
"13605","1","2","2","5","流失风险用户"
"13606","5","2","2","9","一般用户"
"13607","4","2","3","9","一般用户"
"13608","1","1","2","4","流失风险用户"
"13609","1","1","2","4","流失风险用户"
"13610","5","4","3","12","发展用户"
"13611","3","4","4","11","一般用户"
"13612","1","1","3","5","挽留用户"
"13613","1","3","3","7","挽留用户"
"13614","5","3","4","12","发展用户"
"13615","1","3","5","9","挽留用户"
"13616","1","2","2","5","流失风险用户"
"13617","4","3","3","10","发展用户"
"13618","2","1","2","5","流失风险用户"
"13619","1","2","2","5","流失风险用户"
"13620","1","1","2","4","流失风险用户"
"13621","3","1","2","6","一般用户"
"13622","1","1","3","5","挽留用户"
"13623","4","4","3","11","发展用户"
"13624","1","1","2","4","流失风险用户"
"13625","1","1","2","4","流失风险用户"
"13626","1","2","3","6","挽留用户"
"13627","4","3","4","11","发展用户"
"13628","1","1","2","4","流失风险用户"
"13629","5","4","4","13","高价值用户"
"13630","5","3","3","11","发展用户"
"13631","3","4","4","11","一般用户"
"13632","5","3","4","12","发展用户"
"13634","4","4","4","12","高价值用户"
"13635","3","2","4","9","一般用户"
"13636","4","3","3","10","发展用户"
"13637","4","2","3","9","一般用户"
"13638","5","1","2","8","一般用户"
"13639","3","2","3","8","一般用户"
"13641","1","2","3","6","挽留用户"
"13642","1","2","3","6","挽留用户"
"13643","4","4","3","11","发展用户"
"13644","5","2","4","11","一般用户"
"13645","2","1","2","5","流失风险用户"
"13646","1","2","2","5","流失风险用户"
"13647","5","3","4","12","发展用户"
"13648","1","3","3","7","挽留用户"
"13649","1","3","3","7","挽留用户"
"13650","5","4","4","13","高价值用户"
"13651","4","2","2","8","一般用户"
"13652","4","3","4","11","发展用户"
"13653","1","1","2","4","流失风险用户"
"13654","4","4","5","13","高价值用户"
"13655","3","3","4","10","一般用户"
"13656","2","2","3","7","挽留用户"
"13657","5","2","2","9","一般用户"
"13658","5","3","5","13","发展用户"
"13659","1","4","4","9","挽留用户"
"13660","1","1","2","4","流失风险用户"
"13661","1","1","2","4","流失风险用户"
"13662","3","4","4","11","一般用户"
"13663","2","3","3","8","挽留用户"
"13665","1","2","3","6","挽留用户"
"13666","3","3","2","8","一般用户"
"13667","2","1","2","5","流失风险用户"
"13668","5","5","5","15","高价值用户"
"13669","4","2","2","8","一般用户"
"13670","3","1","2","6","一般用户"
"13671","1","1","2","4","流失风险用户"
"13672","1","2","2","5","流失风险用户"
"13673","5","2","2","9","一般用户"
"13674","1","1","2","4","流失风险用户"
"13675","2","2","2","6","流失风险用户"
"13676","1","2","2","5","流失风险用户"
"13677","1","2","3","6","挽留用户"
"13678","2","1","2","5","流失风险用户"
"13679","1","2","2","5","流失风险用户"
"13680","5","4","5","14","高价值用户"
"13681","5","2","3","10","一般用户"
"13682","1","1","1","3","流失风险用户"
"13683","1","1","2","4","流失风险用户"
"13684","1","2","2","5","流失风险用户"
"13685","5","3","4","12","发展用户"
"13686","1","2","2","5","流失风险用户"
"13687","1","1","5","7","挽留用户"
"13688","1","1","2","4","流失风险用户"
"13689","3","2","3","8","一般用户"
"13690","4","1","2","7","一般用户"
"13691","1","1","2","4","流失风险用户"
"13692","5","3","4","12","发展用户"
"13693","1","3","3","7","挽留用户"
"13694","5","5","5","15","高价值用户"
"13695","4","4","4","12","高价值用户"
"13696","1","2","4","7","挽留用户"
"13697","4","1","2","7","一般用户"
"13698","1","2","2","5","流失风险用户"
"13699","2","2","3","7","挽留用户"
"13700","5","4","4","13","高价值用户"
"13701","1","1","2","4","流失风险用户"
"13702","1","1","2","4","流失风险用户"
"13703","1","2","2","5","流失风险用户"
"13704","5","3","4","12","发展用户"
"13705","5","3","4","12","发展用户"
"13706","1","2","3","6","挽留用户"
"13707","1","3","4","8","挽留用户"
"13708","1","1","2","4","流失风险用户"
"13709","5","4","5","14","高价值用户"
"13710","4","2","2","8","一般用户"
"13711","1","3","3","7","挽留用户"
"13712","1","2","3","6","挽留用户"
"13713","1","2","3","6","挽留用户"
"13714","1","1","2","4","流失风险用户"
"13715","1","4","5","10","挽留用户"
"13716","1","1","2","4","流失风险用户"
"13717","4","3","3","10","发展用户"
"13718","1","2","2","5","流失风险用户"
"13719","5","4","4","13","高价值用户"
"13720","3","2","3","8","一般用户"
"13721","4","2","3","9","一般用户"
"13722","2","4","5","11","挽留用户"
"13723","1","3","3","7","挽留用户"
"13724","1","1","2","4","流失风险用户"
"13725","4","3","3","10","发展用户"
"13726","4","2","3","9","一般用户"
"13727","5","3","3","11","发展用户"
"13728","4","4","4","12","高价值用户"
"13729","1","2","3","6","挽留用户"
"13730","2","2","3","7","挽留用户"
"13731","1","2","3","6","挽留用户"
"13732","5","1","2","8","一般用户"
"13733","1","2","2","5","流失风险用户"
"13734","1","2","2","5","流失风险用户"
"13735","5","4","5","14","高价值用户"
"13736","5","3","4","12","发展用户"
"13737","1","1","2","4","流失风险用户"
"13738","1","1","2","4","流失风险用户"
"13739","5","2","2","9","一般用户"
"13740","1","3","3","7","挽留用户"
"13741","3","2","3","8","一般用户"
"13742","5","4","4","13","高价值用户"
"13743","5","3","3","11","发展用户"
"13744","3","2","3","8","一般用户"
"13745","2","2","3","7","挽留用户"
"13746","1","1","2","4","流失风险用户"
"13747","1","2","2","5","流失风险用户"
"13748","3","3","4","10","一般用户"
"13750","4","4","4","12","高价值用户"
"13751","1","1","2","4","流失风险用户"
"13752","2","3","3","8","挽留用户"
"13753","1","2","3","6","挽留用户"
"13754","2","2","2","6","流失风险用户"
"13755","5","3","3","11","发展用户"
"13756","5","5","5","15","高价值用户"
"13757","1","1","2","4","流失风险用户"
"13758","5","4","5","14","高价值用户"
"13759","4","2","3","9","一般用户"
"13760","4","3","3","10","发展用户"
"13761","4","3","3","10","发展用户"
"13762","1","3","4","8","挽留用户"
"13763","3","2","4","9","一般用户"
"13764","3","3","4","10","一般用户"
"13765","1","1","2","4","流失风险用户"
"13766","1","1","2","4","流失风险用户"
"13767","5","5","5","15","高价值用户"
"13768","1","2","3","6","挽留用户"
"13769","5","5","5","15","高价值用户"
"13770","1","2","3","6","挽留用户"
"13771","3","3","5","11","一般用户"
"13772","4","3","4","11","发展用户"
"13773","1","2","2","5","流失风险用户"
"13774","3","1","2","6","一般用户"
"13775","1","1","3","5","挽留用户"
"13777","5","5","5","15","高价值用户"
"13778","3","2","3","8","一般用户"
"13779","1","1","2","4","流失风险用户"
"13780","5","2","3","10","一般用户"
"13781","1","2","3","6","挽留用户"
"13782","5","4","3","12","发展用户"
"13783","1","2","2","5","流失风险用户"
"13784","5","4","4","13","高价值用户"
"13785","1","2","2","5","流失风险用户"
"13786","1","3","4","8","挽留用户"
"13787","3","3","3","9","一般用户"
"13788","1","1","1","3","流失风险用户"
"13789","1","1","2","4","流失风险用户"
"13790","5","1","2","8","一般用户"
"13791","2","2","3","7","挽留用户"
"13792","3","2","2","7","一般用户"
"13793","1","1","1","3","流失风险用户"
"13794","1","1","1","3","流失风险用户"
"13795","1","2","3","6","挽留用户"
"13796","1","1","2","4","流失风险用户"
"13797","1","2","3","6","挽留用户"
"13798","5","5","5","15","高价值用户"
"13799","3","3","4","10","一般用户"
"13800","1","2","3","6","挽留用户"
"13801","3","1","2","6","一般用户"
"13802","2","4","5","11","挽留用户"
"13803","1","2","3","6","挽留用户"
"13804","4","3","4","11","发展用户"
"13805","4","2","2","8","一般用户"
"13806","3","1","2","6","一般用户"
"13807","1","2","2","5","流失风险用户"
"13808","5","3","3","11","发展用户"
"13809","1","2","3","6","挽留用户"
"13810","5","2","3","10","一般用户"
"13811","1","2","3","6","挽留用户"
"13812","4","2","2","8","一般用户"
"13813","4","3","4","11","发展用户"
"13814","3","2","4","9","一般用户"
"13815","5","3","5","13","发展用户"
"13816","5","2","2","9","一般用户"
"13817","5","2","2","9","一般用户"
"13818","1","1","1","3","流失风险用户"
"13819","1","3","4","8","挽留用户"
"13820","1","2","2","5","流失风险用户"
"13821","2","3","3","8","挽留用户"
"13822","5","2","3","10","一般用户"
"13823","5","3","4","12","发展用户"
"13824","4","4","4","12","高价值用户"
"13825","1","2","2","5","流失风险用户"
"13826","2","1","2","5","流失风险用户"
"13827","4","2","2","8","一般用户"
"13828","5","1","2","8","一般用户"
"13829","1","1","2","4","流失风险用户"
"13830","1","1","2","4","流失风险用户"
"13831","5","4","4","13","高价值用户"
"13832","5","2","3","10","一般用户"
"13833","2","2","3","7","挽留用户"
"13834","1","2","2","5","流失风险用户"
"13835","5","3","3","11","发展用户"
"13836","1","2","3","6","挽留用户"
"13837","1","2","2","5","流失风险用户"
"13838","5","4","3","12","发展用户"
"13839","1","1","1","3","流失风险用户"
"13840","1","1","3","5","挽留用户"
"13841","1","1","1","3","流失风险用户"
"13842","4","4","5","13","高价值用户"
"13843","1","1","2","4","流失风险用户"
"13844","5","1","2","8","一般用户"
"13845","3","1","2","6","一般用户"
"13846","5","2","3","10","一般用户"
"13847","1","1","2","4","流失风险用户"
"13848","3","3","4","10","一般用户"
"13849","4","3","4","11","发展用户"
"13850","2","1","3","6","挽留用户"
"13851","3","3","4","10","一般用户"
"13852","1","1","2","4","流失风险用户"
"13853","4","1","3","8","一般用户"
"13854","5","5","5","15","高价值用户"
"13855","1","2","3","6","挽留用户"
"13856","2","4","3","9","挽留用户"
"13857","1","3","3","7","挽留用户"
"13858","4","1","2","7","一般用户"
"13859","1","2","2","5","流失风险用户"
"13860","5","3","3","11","发展用户"
"13861","1","2","2","5","流失风险用户"
"13862","5","3","4","12","发展用户"
"13863","1","2","3","6","挽留用户"
"13864","1","1","3","5","挽留用户"
"13865","4","2","3","9","一般用户"
"13866","3","1","2","6","一般用户"
"13867","4","2","3","9","一般用户"
"13868","5","2","4","11","一般用户"
"13869","2","4","5","11","挽留用户"
"13870","5","4","5","14","高价值用户"
"13871","5","4","5","14","高价值用户"
"13872","1","2","3","6","挽留用户"
"13873","3","3","3","9","一般用户"
"13874","1","3","3","7","挽留用户"
"13875","4","4","4","12","高价值用户"
"13876","3","1","2","6","一般用户"
"13877","3","2","2","7","一般用户"
"13878","4","2","4","10","一般用户"
"13879","1","1","2","4","流失风险用户"
"13880","5","4","4","13","高价值用户"
"13881","5","5","5","15","高价值用户"
"13882","5","3","3","11","发展用户"
"13883","5","4","5","14","高价值用户"
"13884","5","4","3","12","发展用户"
"13885","1","2","2","5","流失风险用户"
"13886","3","1","2","6","一般用户"
"13887","1","1","2","4","流失风险用户"
"13888","3","3","3","9","一般用户"
"13889","3","3","3","9","一般用户"
"13890","5","4","4","13","高价值用户"
"13891","1","2","3","6","挽留用户"
"13892","5","3","3","11","发展用户"
"13893","1","1","3","5","挽留用户"
"13894","5","2","2","9","一般用户"
"13895","5","3","4","12","发展用户"
"13896","1","1","2","4","流失风险用户"
"13897","4","2","3","9","一般用户"
"13898","1","2","3","6","挽留用户"
"13899","5","2","2","9","一般用户"
"13900","1","3","3","7","挽留用户"
"13901","3","4","4","11","一般用户"
"13902","1","3","5","9","挽留用户"
"13903","1","1","2","4","流失风险用户"
"13904","4","2","2","8","一般用户"
"13905","1","1","2","4","流失风险用户"
"13906","1","1","1","3","流失风险用户"
"13907","1","1","2","4","流失风险用户"
"13908","3","2","4","9","一般用户"
"13909","1","2","2","5","流失风险用户"
"13911","4","4","4","12","高价值用户"
"13912","1","1","1","3","流失风险用户"
"13913","1","1","1","3","流失风险用户"
"13914","5","2","3","10","一般用户"
"13915","1","1","1","3","流失风险用户"
"13916","1","2","3","6","挽留用户"
"13917","4","2","2","8","一般用户"
"13918","4","2","3","9","一般用户"
"13919","4","2","3","9","一般用户"
"13920","1","2","3","6","挽留用户"
"13921","1","2","3","6","挽留用户"
"13922","1","2","3","6","挽留用户"
"13923","4","1","2","7","一般用户"
"13924","5","3","3","11","发展用户"
"13925","3","2","3","8","一般用户"
"13926","5","1","2","8","一般用户"
"13927","3","2","3","8","一般用户"
"13928","5","2","2","9","一般用户"
"13929","2","4","4","10","挽留用户"
"13930","4","2","2","8","一般用户"
"13931","3","4","4","11","一般用户"
"13932","1","1","2","4","流失风险用户"
"13933","3","2","3","8","一般用户"
"13934","1","1","3","5","挽留用户"
"13935","1","2","5","8","挽留用户"
"13936","2","2","3","7","挽留用户"
"13937","2","2","3","7","挽留用户"
"13938","4","1","1","6","一般用户"
"13939","5","3","3","11","发展用户"
"13940","5","2","3","10","一般用户"
"13941","5","4","5","14","高价值用户"
"13942","1","1","2","4","流失风险用户"
"13943","1","1","2","4","流失风险用户"
"13944","1","1","2","4","流失风险用户"
"13945","1","2","3","6","挽留用户"
"13946","3","3","3","9","一般用户"
"13947","3","1","1","5","一般用户"
"13948","1","2","3","6","挽留用户"
"13949","5","3","4","12","发展用户"
"13950","5","2","3","10","一般用户"
"13951","2","2","3","7","挽留用户"
"13952","1","4","5","10","挽留用户"
"13953","5","4","5","14","高价值用户"
"13954","5","2","2","9","一般用户"
"13955","2","2","3","7","挽留用户"
"13956","5","3","3","11","发展用户"
"13957","1","2","2","5","流失风险用户"
"13958","1","3","4","8","挽留用户"
"13959","3","3","3","9","一般用户"
"13960","5","2","2","9","一般用户"
"13961","1","1","3","5","挽留用户"
"13962","5","2","2","9","一般用户"
"13963","1","4","4","9","挽留用户"
"13964","1","2","2","5","流失风险用户"
"13965","1","2","3","6","挽留用户"
"13966","1","1","2","4","流失风险用户"
"13967","2","2","1","5","流失风险用户"
"13968","1","1","2","4","流失风险用户"
"13969","5","5","5","15","高价值用户"
"13970","1","2","3","6","挽留用户"
"13971","5","4","4","13","高价值用户"
"13972","3","2","2","7","一般用户"
"13973","1","1","2","4","流失风险用户"
"13974","4","2","3","9","一般用户"
"13975","4","4","4","12","高价值用户"
"13976","1","2","3","6","挽留用户"
"13977","1","1","2","4","流失风险用户"
"13978","5","2","2","9","一般用户"
"13979","3","3","4","10","一般用户"
"13980","3","2","3","8","一般用户"
"13981","1","1","2","4","流失风险用户"
"13982","4","3","4","11","发展用户"
"13983","5","5","5","15","高价值用户"
"13984","5","4","3","12","发展用户"
"13985","5","5","5","15","高价值用户"
"13986","5","1","2","8","一般用户"
"13987","1","2","3","6","挽留用户"
"13988","5","3","4","12","发展用户"
"13989","3","3","3","9","一般用户"
"13990","1","1","2","4","流失风险用户"
"13991","5","3","3","11","发展用户"
"13992","4","2","2","8","一般用户"
"13993","4","4","5","13","高价值用户"
"13994","5","3","4","12","发展用户"
"13995","5","4","4","13","高价值用户"
"13996","1","2","3","6","挽留用户"
"13997","1","2","2","5","流失风险用户"
"13998","1","2","3","6","挽留用户"
"13999","5","5","5","15","高价值用户"
"14000","1","3","3","7","挽留用户"
"14001","4","3","4","11","发展用户"
"14002","2","2","2","6","流失风险用户"
"14003","1","1","2","4","流失风险用户"
"14004","4","4","5","13","高价值用户"
"14005","5","3","4","12","发展用户"
"14006","3","3","4","10","一般用户"
"14007","1","1","1","3","流失风险用户"
"14008","1","1","2","4","流失风险用户"
"14009","1","2","3","6","挽留用户"
"14010","1","2","2","5","流失风险用户"
"14011","1","2","2","5","流失风险用户"
"14012","1","1","2","4","流失风险用户"
"14013","3","3","3","9","一般用户"
"14014","3","2","3","8","一般用户"
"14015","4","1","3","8","一般用户"
"14016","2","4","5","11","挽留用户"
"14017","1","1","2","4","流失风险用户"
"14018","1","1","2","4","流失风险用户"
"14019","4","2","3","9","一般用户"
"14020","5","2","3","10","一般用户"
"14021","2","3","3","8","挽留用户"
"14022","1","2","3","6","挽留用户"
"14023","5","2","3","10","一般用户"
"14024","2","2","3","7","挽留用户"
"14025","1","3","4","8","挽留用户"
"14026","1","2","3","6","挽留用户"
"14027","3","1","2","6","一般用户"
"14028","1","2","5","8","挽留用户"
"14029","3","2","2","7","一般用户"
"14030","5","5","5","15","高价值用户"
"14031","5","5","5","15","高价值用户"
"14032","5","4","4","13","高价值用户"
"14033","1","1","2","4","流失风险用户"
"14034","5","2","3","10","一般用户"
"14035","5","3","4","12","发展用户"
"14036","1","1","3","5","挽留用户"
"14037","2","3","3","8","挽留用户"
"14038","3","3","4","10","一般用户"
"14039","4","2","2","8","一般用户"
"14040","4","5","5","14","高价值用户"
"14041","1","1","1","3","流失风险用户"
"14042","1","1","2","4","流失风险用户"
"14043","1","2","2","5","流失风险用户"
"14044","5","4","4","13","高价值用户"
"14045","3","4","5","12","一般用户"
"14046","1","1","1","3","流失风险用户"
"14047","5","4","4","13","高价值用户"
"14048","1","2","3","6","挽留用户"
"14049","5","4","5","14","高价值用户"
"14050","4","2","3","9","一般用户"
"14051","5","5","5","15","高价值用户"
"14052","5","2","2","9","一般用户"
"14053","2","2","3","7","挽留用户"
"14054","3","1","1","5","一般用户"
"14055","3","2","3","8","一般用户"
"14056","5","5","5","15","高价值用户"
"14057","5","5","5","15","高价值用户"
"14058","1","2","2","5","流失风险用户"
"14059","1","1","2","4","流失风险用户"
"14060","5","5","5","15","高价值用户"
"14061","1","2","3","6","挽留用户"
"14062","5","5","5","15","高价值用户"
"14063","1","3","4","8","挽留用户"
"14064","5","4","4","13","高价值用户"
"14065","1","2","3","6","挽留用户"
"14066","1","1","2","4","流失风险用户"
"14067","3","2","2","7","一般用户"
"14068","1","2","3","6","挽留用户"
"14069","1","2","2","5","流失风险用户"
"14070","1","1","2","4","流失风险用户"
"14071","5","3","3","11","发展用户"
"14072","1","1","2","4","流失风险用户"
"14073","4","1","2","7","一般用户"
"14074","1","1","2","4","流失风险用户"
"14075","5","3","3","11","发展用户"
"14076","2","1","2","5","流失风险用户"
"14077","4","3","3","10","发展用户"
"14078","3","3","3","9","一般用户"
"14079","2","1","2","5","流失风险用户"
"14080","4","3","3","10","发展用户"
"14081","1","4","4","9","挽留用户"
"14082","1","2","2","5","流失风险用户"
"14083","5","4","3","12","发展用户"
"14084","1","1","2","4","流失风险用户"
"14085","5","5","5","15","高价值用户"
"14087","5","2","3","10","一般用户"
"14088","5","4","5","14","高价值用户"
"14089","4","1","2","7","一般用户"
"14090","1","1","1","3","流失风险用户"
"14091","1","2","5","8","挽留用户"
"14092","5","5","5","15","高价值用户"
"14093","5","1","2","8","一般用户"
"14094","1","1","2","4","流失风险用户"
"14095","1","1","1","3","流失风险用户"
"14096","5","4","5","14","高价值用户"
"14097","1","2","2","5","流失风险用户"
"14098","4","1","2","7","一般用户"
"14099","5","5","4","14","高价值用户"
"14100","2","1","2","5","流失风险用户"
"14101","3","4","5","12","一般用户"
"14102","5","3","3","11","发展用户"
"14104","2","3","3","8","挽留用户"
"14105","1","3","5","9","挽留用户"
"14106","1","1","2","4","流失风险用户"
"14107","4","4","4","12","高价值用户"
"14108","4","2","3","9","一般用户"
"14109","3","1","2","6","一般用户"
"14110","5","5","5","15","高价值用户"
"14111","5","2","3","10","一般用户"
"14112","5","4","5","14","高价值用户"
"14113","5","4","5","14","高价值用户"
"14114","1","3","3","7","挽留用户"
"14115","1","2","3","6","挽留用户"
"14116","5","3","3","11","发展用户"
"14117","2","1","1","4","流失风险用户"
"14118","1","1","2","4","流失风险用户"
"14119","1","2","2","5","流失风险用户"
"14121","5","2","4","11","一般用户"
"14122","1","2","2","5","流失风险用户"
"14123","1","1","2","4","流失风险用户"
"14124","3","1","2","6","一般用户"
"14125","5","2","4","11","一般用户"
"14126","5","2","3","10","一般用户"
"14127","2","3","3","8","挽留用户"
"14128","3","2","3","8","一般用户"
"14129","5","3","4","12","发展用户"
"14130","1","2","3","6","挽留用户"
"14131","1","1","2","4","流失风险用户"
"14132","5","4","4","13","高价值用户"
"14133","2","2","3","7","挽留用户"
"14134","1","4","5","10","挽留用户"
"14135","5","5","5","15","高价值用户"
"14136","1","3","3","7","挽留用户"
"14137","1","1","2","4","流失风险用户"
"14138","5","2","3","10","一般用户"
"14139","4","2","3","9","一般用户"
"14140","5","2","3","10","一般用户"
"14141","5","2","3","10","一般用户"
"14142","1","2","3","6","挽留用户"
"14143","2","1","2","5","流失风险用户"
"14145","4","2","3","9","一般用户"
"14146","5","4","5","14","高价值用户"
"14147","3","3","3","9","一般用户"
"14148","1","2","2","5","流失风险用户"
"14149","1","1","2","4","流失风险用户"
"14150","4","2","3","9","一般用户"
"14151","1","2","3","6","挽留用户"
"14152","3","3","3","9","一般用户"
"14153","1","1","2","4","流失风险用户"
"14154","1","3","5","9","挽留用户"
"14155","1","1","1","3","流失风险用户"
"14156","5","5","5","15","高价值用户"
"14157","5","3","3","11","发展用户"
"14158","4","1","2","7","一般用户"
"14159","5","5","5","15","高价值用户"
"14160","1","3","5","9","挽留用户"
"14161","1","3","4","8","挽留用户"
"14162","2","2","2","6","流失风险用户"
"14163","3","3","3","9","一般用户"
"14164","3","2","3","8","一般用户"
"14165","1","1","2","4","流失风险用户"
"14166","1","2","2","5","流失风险用户"
"14167","4","3","2","9","发展用户"
"14168","1","2","2","5","流失风险用户"
"14169","1","2","3","6","挽留用户"
"14170","1","2","3","6","挽留用户"
"14171","3","2","2","7","一般用户"
"14172","1","2","2","5","流失风险用户"
"14173","5","3","2","10","发展用户"
"14174","4","1","2","7","一般用户"
"14175","4","3","5","12","发展用户"
"14176","1","3","3","7","挽留用户"
"14177","3","4","3","10","一般用户"
"14178","5","3","3","11","发展用户"
"14179","4","2","3","9","一般用户"
"14180","5","5","5","15","高价值用户"
"14181","1","2","2","5","流失风险用户"
"14182","1","2","3","6","挽留用户"
"14183","1","2","2","5","流失风险用户"
"14184","3","1","2","6","一般用户"
"14185","1","1","2","4","流失风险用户"
"14186","1","3","3","7","挽留用户"
"14187","1","1","1","3","流失风险用户"
"14188","4","3","3","10","发展用户"
"14189","5","4","5","14","高价值用户"
"14190","1","1","1","3","流失风险用户"
"14191","5","4","4","13","高价值用户"
"14192","1","1","2","4","流失风险用户"
"14193","3","2","3","8","一般用户"
"14194","5","5","5","15","高价值用户"
"14195","1","3","3","7","挽留用户"
"14196","3","1","2","6","一般用户"
"14197","1","1","2","4","流失风险用户"
"14198","5","3","3","11","发展用户"
"14199","1","2","3","6","挽留用户"
"14200","1","1","2","4","流失风险用户"
"14201","3","4","3","10","一般用户"
"14202","1","2","3","6","挽留用户"
"14203","1","1","2","4","流失风险用户"
"14204","5","2","3","10","一般用户"
"14205","5","3","4","12","发展用户"
"14206","1","2","3","6","挽留用户"
"14207","1","1","2","4","流失风险用户"
"14208","3","2","3","8","一般用户"
"14209","5","4","4","13","高价值用户"
"14210","3","4","5","12","一般用户"
"14211","4","4","4","12","高价值用户"
"14212","3","2","4","9","一般用户"
"14213","1","1","3","5","挽留用户"
"14214","4","3","3","10","发展用户"
"14215","5","3","4","12","发展用户"
"14216","5","3","3","11","发展用户"
"14217","5","5","4","14","高价值用户"
"14218","4","1","2","7","一般用户"
"14219","5","2","3","10","一般用户"
"14220","1","2","3","6","挽留用户"
"14221","4","4","5","13","高价值用户"
"14222","2","1","3","6","挽留用户"
"14223","3","2","3","8","一般用户"
"14224","3","3","3","9","一般用户"
"14225","1","2","3","6","挽留用户"
"14226","5","3","4","12","发展用户"
"14227","5","4","5","14","高价值用户"
"14228","1","2","3","6","挽留用户"
"14229","4","3","4","11","发展用户"
"14230","1","2","3","6","挽留用户"
"14231","1","2","3","6","挽留用户"
"14232","4","3","3","10","发展用户"
"14233","4","3","4","11","发展用户"
"14234","5","2","3","10","一般用户"
"14235","3","3","4","10","一般用户"
"14236","3","3","3","9","一般用户"
"14237","1","2","3","6","挽留用户"
"14238","1","2","2","5","流失风险用户"
"14239","4","5","4","13","高价值用户"
"14240","4","2","3","9","一般用户"
"14241","1","2","2","5","流失风险用户"
"14242","1","2","2","5","流失风险用户"
"14243","5","4","5","14","高价值用户"
"14244","1","1","2","4","流失风险用户"
"14245","1","2","3","6","挽留用户"
"14246","3","2","3","8","一般用户"
"14247","1","3","3","7","挽留用户"
"14248","1","2","3","6","挽留用户"
"14249","1","4","4","9","挽留用户"
"14250","5","2","3","10","一般用户"
"14251","5","3","4","12","发展用户"
"14252","1","1","2","4","流失风险用户"
"14253","1","2","2","5","流失风险用户"
"14254","1","1","2","4","流失风险用户"
"14256","1","3","4","8","挽留用户"
"14257","3","3","5","11","一般用户"
"14258","5","5","5","15","高价值用户"
"14259","2","1","1","4","流失风险用户"
"14260","1","2","3","6","挽留用户"
"14261","4","2","3","9","一般用户"
"14262","5","3","4","12","发展用户"
"14263","1","1","2","4","流失风险用户"
"14264","2","3","3","8","挽留用户"
"14265","3","2","3","8","一般用户"
"14266","1","1","1","3","流失风险用户"
"14267","2","2","3","7","挽留用户"
"14268","1","1","2","4","流失风险用户"
"14269","1","1","2","4","流失风险用户"
"14270","1","1","2","4","流失风险用户"
"14271","1","2","2","5","流失风险用户"
"14272","3","2","3","8","一般用户"
"14273","4","2","2","8","一般用户"
"14274","1","1","2","4","流失风险用户"
"14275","1","3","3","7","挽留用户"
"14276","3","3","3","9","一般用户"
"14277","5","3","5","13","发展用户"
"14278","1","1","2","4","流失风险用户"
"14279","1","1","2","4","流失风险用户"
"14280","1","1","2","4","流失风险用户"
"14281","1","1","2","4","流失风险用户"
"14282","5","5","5","15","高价值用户"
"14283","1","2","3","6","挽留用户"
"14284","4","2","3","9","一般用户"
"14285","5","3","4","12","发展用户"
"14286","5","3","5","13","发展用户"
"14287","5","2","2","9","一般用户"
"14288","1","1","2","4","流失风险用户"
"14289","5","3","3","11","发展用户"
"14290","5","3","4","12","发展用户"
"14291","5","5","5","15","高价值用户"
"14292","5","4","5","14","高价值用户"
"14293","5","3","4","12","发展用户"
"14294","1","1","2","4","流失风险用户"
"14295","4","2","4","10","一般用户"
"14296","1","2","2","5","流失风险用户"
"14297","5","2","3","10","一般用户"
"14298","5","5","5","15","高价值用户"
"14299","5","5","5","15","高价值用户"
"14300","5","1","1","7","一般用户"
"14301","3","2","3","8","一般用户"
"14302","1","2","3","6","挽留用户"
"14303","1","2","2","5","流失风险用户"
"14304","1","2","3","6","挽留用户"
"14305","3","2","3","8","一般用户"
"14306","4","3","4","11","发展用户"
"14307","3","4","4","11","一般用户"
"14309","5","4","4","13","高价值用户"
"14310","1","1","2","4","流失风险用户"
"14311","1","2","2","5","流失风险用户"
"14312","4","4","4","12","高价值用户"
"14314","3","2","2","7","一般用户"
"14315","4","3","4","11","发展用户"
"14316","1","3","3","7","挽留用户"
"14317","3","1","3","7","一般用户"
"14318","1","1","2","4","流失风险用户"
"14319","1","1","2","4","流失风险用户"
"14320","1","3","3","7","挽留用户"
"14321","5","3","3","11","发展用户"
"14322","1","2","2","5","流失风险用户"
"14323","3","2","3","8","一般用户"
"14324","1","2","3","6","挽留用户"
"14325","1","1","2","4","流失风险用户"
"14326","1","2","3","6","挽留用户"
"14327","2","3","3","8","挽留用户"
"14329","5","4","5","14","高价值用户"
"14330","1","1","2","4","流失风险用户"
"14331","2","2","2","6","流失风险用户"
"14332","5","3","3","11","发展用户"
"14333","3","1","2","6","一般用户"
"14334","5","4","4","13","高价值用户"
"14335","5","2","2","9","一般用户"
"14336","5","2","3","10","一般用户"
"14338","2","2","3","7","挽留用户"
"14339","1","2","3","6","挽留用户"
"14340","1","1","2","4","流失风险用户"
"14341","4","4","4","12","高价值用户"
"14342","5","3","3","11","发展用户"
"14343","1","2","3","6","挽留用户"
"14344","2","5","4","11","挽留用户"
"14345","4","1","1","6","一般用户"
"14346","2","3","3","8","挽留用户"
"14347","1","1","1","3","流失风险用户"
"14348","1","1","2","4","流失风险用户"
"14349","5","1","2","8","一般用户"
"14350","1","2","3","6","挽留用户"
"14351","2","1","1","4","流失风险用户"
"14352","2","2","3","7","挽留用户"
"14353","1","2","2","5","流失风险用户"
"14354","5","2","2","9","一般用户"
"14355","1","2","3","6","挽留用户"
"14356","3","2","3","8","一般用户"
"14357","4","1","2","7","一般用户"
"14358","1","2","2","5","流失风险用户"
"14359","5","2","3","10","一般用户"
"14360","4","2","4","10","一般用户"
"14361","1","1","2","4","流失风险用户"
"14362","5","1","2","8","一般用户"
"14363","1","2","2","5","流失风险用户"
"14364","3","3","4","10","一般用户"
"14365","1","2","3","6","挽留用户"
"14366","1","1","2","4","流失风险用户"
"14367","5","4","5","14","高价值用户"
"14368","1","1","2","4","流失风险用户"
"14369","1","2","2","5","流失风险用户"
"14370","1","3","3","7","挽留用户"
"14371","1","1","2","4","流失风险用户"
"14372","1","2","3","6","挽留用户"
"14373","1","1","1","3","流失风险用户"
"14374","1","1","1","3","流失风险用户"
"14375","1","2","3","6","挽留用户"
"14376","1","1","1","3","流失风险用户"
"14377","1","2","3","6","挽留用户"
"14378","1","1","2","4","流失风险用户"
"14379","4","2","3","9","一般用户"
"14381","4","2","2","8","一般用户"
"14382","5","2","3","10","一般用户"
"14383","4","2","3","9","一般用户"
"14384","1","1","1","3","流失风险用户"
"14385","5","2","2","9","一般用户"
"14386","1","1","2","4","流失风险用户"
"14387","4","2","3","9","一般用户"
"14388","5","4","5","14","高价值用户"
"14389","3","3","3","9","一般用户"
"14390","5","4","5","14","高价值用户"
"14391","1","1","2","4","流失风险用户"
"14392","1","1","2","4","流失风险用户"
"14393","1","1","1","3","流失风险用户"
"14394","1","1","1","3","流失风险用户"
"14395","5","4","5","14","高价值用户"
"14396","3","3","3","9","一般用户"
"14397","5","4","4","13","高价值用户"
"14398","1","2","3","6","挽留用户"
"14399","1","3","3","7","挽留用户"
"14400","2","2","3","7","挽留用户"
"14401","5","5","5","15","高价值用户"
"14402","1","1","2","4","流失风险用户"
"14403","2","3","3","8","挽留用户"
"14404","4","4","4","12","高价值用户"
"14406","3","1","2","6","一般用户"
"14407","3","3","3","9","一般用户"
"14408","5","4","4","13","高价值用户"
"14409","3","3","4","10","一般用户"
"14410","3","4","4","11","一般用户"
"14411","1","1","3","5","挽留用户"
"14412","4","2","3","9","一般用户"
"14413","1","2","2","5","流失风险用户"
"14414","3","3","3","9","一般用户"
"14415","5","5","5","15","高价值用户"
"14416","5","2","2","9","一般用户"
"14417","1","1","3","5","挽留用户"
"14418","5","2","3","10","一般用户"
"14419","5","3","3","11","发展用户"
"14420","3","2","3","8","一般用户"
"14421","4","3","4","11","发展用户"
"14422","5","4","5","14","高价值用户"
"14423","1","2","2","5","流失风险用户"
"14424","5","1","2","8","一般用户"
"14425","1","2","3","6","挽留用户"
"14426","5","4","5","14","高价值用户"
"14427","4","2","3","9","一般用户"
"14428","5","3","3","11","发展用户"
"14429","1","1","2","4","流失风险用户"
"14430","1","2","3","6","挽留用户"
"14431","1","2","4","7","挽留用户"
"14432","5","3","3","11","发展用户"
"14433","1","1","2","4","流失风险用户"
"14434","5","3","3","11","发展用户"
"14435","1","1","1","3","流失风险用户"
"14436","3","2","2","7","一般用户"
"14437","1","3","3","7","挽留用户"
"14438","1","1","2","4","流失风险用户"
"14439","1","3","5","9","挽留用户"
"14440","5","4","4","13","高价值用户"
"14441","5","4","4","13","高价值用户"
"14442","1","3","5","9","挽留用户"
"14443","4","3","4","11","发展用户"
"14444","1","1","2","4","流失风险用户"
"14445","1","1","2","4","流失风险用户"
"14446","5","3","3","11","发展用户"
"14447","5","3","3","11","发展用户"
"14448","1","1","1","3","流失风险用户"
"14449","5","3","4","12","发展用户"
"14450","1","3","3","7","挽留用户"
"14451","3","4","4","11","一般用户"
"14452","5","2","3","10","一般用户"
"14453","1","1","2","4","流失风险用户"
"14454","1","3","3","7","挽留用户"
"14455","1","2","3","6","挽留用户"
"14456","5","3","4","12","发展用户"
"14457","1","1","2","4","流失风险用户"
"14458","1","1","2","4","流失风险用户"
"14459","2","2","4","8","挽留用户"
"14460","3","3","3","9","一般用户"
"14461","2","4","5","11","挽留用户"
"14462","3","4","4","11","一般用户"
"14463","3","2","3","8","一般用户"
"14464","1","2","2","5","流失风险用户"
"14465","1","4","4","9","挽留用户"
"14466","5","4","4","13","高价值用户"
"14467","5","4","3","12","发展用户"
"14468","1","1","2","4","流失风险用户"
"14469","1","2","3","6","挽留用户"
"14470","5","2","3","10","一般用户"
"14471","1","2","2","5","流失风险用户"
"14472","3","3","3","9","一般用户"
"14473","3","2","2","7","一般用户"
"14474","4","2","3","9","一般用户"
"14475","3","2","3","8","一般用户"
"14476","1","1","2","4","流失风险用户"
"14477","5","2","3","10","一般用户"
"14478","1","2","3","6","挽留用户"
"14479","1","2","3","6","挽留用户"
"14480","5","2","3","10","一般用户"
"14481","2","3","4","9","挽留用户"
"14482","5","4","4","13","高价值用户"
"14483","1","2","2","5","流失风险用户"
"14484","4","2","3","9","一般用户"
"14485","4","1","2","7","一般用户"
"14486","1","2","1","4","流失风险用户"
"14487","5","3","3","11","发展用户"
"14488","3","1","3","7","一般用户"
"14489","1","2","3","6","挽留用户"
"14490","1","2","3","6","挽留用户"
"14491","2","2","2","6","流失风险用户"
"14492","1","3","3","7","挽留用户"
"14493","5","4","4","13","高价值用户"
"14494","5","2","2","9","一般用户"
"14495","4","2","2","8","一般用户"
"14496","1","3","4","8","挽留用户"
"14497","1","2","3","6","挽留用户"
"14498","4","4","4","12","高价值用户"
"14499","5","3","3","11","发展用户"
"14500","3","2","2","7","一般用户"
"14501","1","2","2","5","流失风险用户"
"14502","5","4","4","13","高价值用户"
"14503","5","3","4","12","发展用户"
"14504","4","2","3","9","一般用户"
"14505","5","4","5","14","高价值用户"
"14506","5","3","4","12","发展用户"
"14507","5","4","4","13","高价值用户"
"14508","5","3","3","11","发展用户"
"14509","1","1","1","3","流失风险用户"
"14510","1","2","3","6","挽留用户"
"14511","5","3","3","11","发展用户"
"14512","1","3","3","7","挽留用户"
"14513","3","3","3","9","一般用户"
"14514","3","3","4","10","一般用户"
"14515","5","4","4","13","高价值用户"
"14516","1","1","1","3","流失风险用户"
"14517","4","2","2","8","一般用户"
"14518","3","1","2","6","一般用户"
"14519","1","2","2","5","流失风险用户"
"14520","5","1","1","7","一般用户"
"14521","1","1","2","4","流失风险用户"
"14522","5","3","3","11","发展用户"
"14523","3","1","2","6","一般用户"
"14524","4","4","4","12","高价值用户"
"14525","5","4","5","14","高价值用户"
"14526","1","1","2","4","流失风险用户"
"14527","5","5","5","15","高价值用户"
"14528","4","1","2","7","一般用户"
"14529","3","2","3","8","一般用户"
"14530","5","4","5","14","高价值用户"
"14531","1","1","2","4","流失风险用户"
"14532","1","4","4","9","挽留用户"
"14533","5","4","4","13","高价值用户"
"14534","5","5","5","15","高价值用户"
"14535","3","3","5","11","一般用户"
"14536","1","1","2","4","流失风险用户"
"14537","4","2","3","9","一般用户"
"14538","3","3","3","9","一般用户"
"14539","5","2","3","10","一般用户"
"14540","5","4","4","13","高价值用户"
"14541","2","4","3","9","挽留用户"
"14542","1","1","2","4","流失风险用户"
"14543","5","5","5","15","高价值用户"
"14544","5","2","4","11","一般用户"
"14545","1","1","2","4","流失风险用户"
"14546","5","4","4","13","高价值用户"
"14547","5","3","4","12","发展用户"
"14548","2","3","3","8","挽留用户"
"14549","1","2","3","6","挽留用户"
"14550","5","2","3","10","一般用户"
"14551","5","3","3","11","发展用户"
"14552","2","2","2","6","流失风险用户"
"14553","5","3","3","11","发展用户"
"14554","5","2","4","11","一般用户"
"14555","4","3","3","10","发展用户"
"14556","1","2","3","6","挽留用户"
"14557","3","1","3","7","一般用户"
"14558","1","2","3","6","挽留用户"
"14559","1","1","1","3","流失风险用户"
"14560","5","5","5","15","高价值用户"
"14561","3","2","3","8","一般用户"
"14562","5","5","5","15","高价值用户"
"14563","1","2","3","6","挽留用户"
"14564","1","2","4","7","挽留用户"
"14565","3","3","4","10","一般用户"
"14566","3","2","4","9","一般用户"
"14567","4","2","3","9","一般用户"
"14568","1","1","3","5","挽留用户"
"14569","5","2","3","10","一般用户"
"14570","1","2","2","5","流失风险用户"
"14571","1","1","2","4","流失风险用户"
"14572","5","4","5","14","高价值用户"
"14573","2","4","4","10","挽留用户"
"14574","1","1","1","3","流失风险用户"
"14575","1","1","2","4","流失风险用户"
"14576","1","1","1","3","流失风险用户"
"14577","5","3","3","11","发展用户"
"14578","5","1","2","8","一般用户"
"14579","1","1","1","3","流失风险用户"
"14580","1","1","1","3","流失风险用户"
"14581","5","2","2","9","一般用户"
"14582","4","1","2","7","一般用户"
"14583","5","3","3","11","发展用户"
"14584","2","3","3","8","挽留用户"
"14585","4","3","3","10","发展用户"
"14586","1","1","2","4","流失风险用户"
"14587","5","3","3","11","发展用户"
"14588","1","1","2","4","流失风险用户"
"14589","1","1","1","3","流失风险用户"
"14590","1","5","4","10","挽留用户"
"14591","5","2","3","10","一般用户"
"14592","4","2","3","9","一般用户"
"14593","5","4","4","13","高价值用户"
"14594","5","2","3","10","一般用户"
"14595","5","3","3","11","发展用户"
"14596","1","1","2","4","流失风险用户"
"14597","5","3","4","12","发展用户"
"14598","4","2","2","8","一般用户"
"14599","1","2","2","5","流失风险用户"
"14600","1","2","3","6","挽留用户"
"14601","5","1","2","8","一般用户"
"14602","1","1","2","4","流失风险用户"
"14603","1","1","3","5","挽留用户"
"14604","1","1","1","3","流失风险用户"
"14605","1","2","3","6","挽留用户"
"14606","5","5","5","15","高价值用户"
"14607","5","4","5","14","高价值用户"
"14608","5","4","4","13","高价值用户"
"14609","3","3","3","9","一般用户"
"14610","1","2","1","4","流失风险用户"
"14611","1","2","3","6","挽留用户"
"14612","1","1","3","5","挽留用户"
"14613","1","1","1","3","流失风险用户"
"14614","1","1","2","4","流失风险用户"
"14615","1","3","3","7","挽留用户"
"14616","1","3","3","7","挽留用户"
"14617","1","2","2","5","流失风险用户"
"14618","5","3","3","11","发展用户"
"14619","1","2","3","6","挽留用户"
"14620","1","2","2","5","流失风险用户"
"14621","5","3","4","12","发展用户"
"14622","1","1","2","4","流失风险用户"
"14623","4","4","3","11","发展用户"
"14624","4","3","3","10","发展用户"
"14625","1","4","4","9","挽留用户"
"14626","5","4","4","13","高价值用户"
"14627","1","1","2","4","流失风险用户"
"14628","3","3","3","9","一般用户"
"14629","5","2","3","10","一般用户"
"14630","1","1","2","4","流失风险用户"
"14631","4","3","3","10","发展用户"
"14632","1","1","2","4","流失风险用户"
"14633","1","1","2","4","流失风险用户"
"14634","1","2","4","7","挽留用户"
"14635","1","1","2","4","流失风险用户"
"14636","4","2","3","9","一般用户"
"14637","1","1","1","3","流失风险用户"
"14638","4","1","2","7","一般用户"
"14639","4","3","4","11","发展用户"
"14640","5","4","4","13","高价值用户"
"14641","5","1","2","8","一般用户"
"14642","4","1","1","6","一般用户"
"14643","2","3","3","8","挽留用户"
"14644","3","3","4","10","一般用户"
"14645","2","2","3","7","挽留用户"
"14646","5","5","5","15","高价值用户"
"14647","1","2","2","5","流失风险用户"
"14648","1","4","4","9","挽留用户"
"14649","5","3","4","12","发展用户"
"14650","1","1","1","3","流失风险用户"
"14651","3","3","3","9","一般用户"
"14652","3","1","1","5","一般用户"
"14653","5","4","4","13","高价值用户"
"14654","1","1","2","4","流失风险用户"
"14655","5","3","4","12","发展用户"
"14656","2","3","3","8","挽留用户"
"14657","5","3","3","11","发展用户"
"14658","5","2","2","9","一般用户"
"14659","5","3","4","12","发展用户"
"14660","3","2","2","7","一般用户"
"14661","5","1","1","7","一般用户"
"14662","5","3","3","11","发展用户"
"14663","1","2","2","5","流失风险用户"
"14664","5","2","3","10","一般用户"
"14665","3","3","4","10","一般用户"
"14666","5","1","2","8","一般用户"
"14667","5","5","5","15","高价值用户"
"14668","1","1","2","4","流失风险用户"
"14669","1","3","4","8","挽留用户"
"14670","1","2","2","5","流失风险用户"
"14671","1","2","3","6","挽留用户"
"14672","1","2","3","6","挽留用户"
"14673","5","3","4","12","发展用户"
"14674","1","1","2","4","流失风险用户"
"14675","5","2","3","10","一般用户"
"14676","4","4","5","13","高价值用户"
"14677","1","1","2","4","流失风险用户"
"14678","1","1","2","4","流失风险用户"
"14679","1","2","3","6","挽留用户"
"14680","5","5","5","15","高价值用户"
"14681","3","3","3","9","一般用户"
"14682","1","3","3","7","挽留用户"
"14683","1","1","2","4","流失风险用户"
"14684","5","3","3","11","发展用户"
"14685","1","3","4","8","挽留用户"
"14686","1","3","3","7","挽留用户"
"14687","3","2","3","8","一般用户"
"14688","5","5","5","15","高价值用户"
"14689","1","1","1","3","流失风险用户"
"14690","4","2","3","9","一般用户"
"14691","4","3","4","11","发展用户"
"14692","2","4","3","9","挽留用户"
"14693","1","3","3","7","挽留用户"
"14694","1","1","2","4","流失风险用户"
"14695","1","2","3","6","挽留用户"
"14696","5","3","4","12","发展用户"
"14697","1","2","1","4","流失风险用户"
"14698","5","3","3","11","发展用户"
"14699","1","2","3","6","挽留用户"
"14700","4","3","4","11","发展用户"
"14701","5","4","4","13","高价值用户"
"14702","5","5","5","15","高价值用户"
"14703","5","1","2","8","一般用户"
"14704","5","3","3","11","发展用户"
"14706","1","1","2","4","流失风险用户"
"14707","1","2","2","5","流失风险用户"
"14708","5","3","4","12","发展用户"
"14709","5","5","5","15","高价值用户"
"14710","5","4","3","12","发展用户"
"14711","5","4","4","13","高价值用户"
"14712","5","2","3","10","一般用户"
"14713","5","5","4","14","高价值用户"
"14714","5","2","3","10","一般用户"
"14715","5","3","3","11","发展用户"
"14716","4","2","3","9","一般用户"
"14717","1","1","1","3","流失风险用户"
"14718","1","1","2","4","流失风险用户"
"14719","5","3","3","11","发展用户"
"14720","5","2","3","10","一般用户"
"14721","1","1","2","4","流失风险用户"
"14722","2","2","2","6","流失风险用户"
"14723","5","4","3","12","发展用户"
"14724","1","1","2","4","流失风险用户"
"14725","5","2","3","10","一般用户"
"14726","1","1","2","4","流失风险用户"
"14727","1","2","2","5","流失风险用户"
"14728","1","1","2","4","流失风险用户"
"14729","1","2","3","6","挽留用户"
"14730","5","3","3","11","发展用户"
"14731","4","2","2","8","一般用户"
"14732","5","4","5","14","高价值用户"
"14733","5","4","5","14","高价值用户"
"14734","1","2","3","6","挽留用户"
"14735","5","5","5","15","高价值用户"
"14736","1","2","2","5","流失风险用户"
"14737","5","2","4","11","一般用户"
"14738","4","3","3","10","发展用户"
"14739","5","5","5","15","高价值用户"
"14740","1","4","4","9","挽留用户"
"14741","5","3","3","11","发展用户"
"14742","1","1","3","5","挽留用户"
"14743","1","1","1","3","流失风险用户"
"14744","5","4","4","13","高价值用户"
"14745","3","4","4","11","一般用户"
"14746","1","2","3","6","挽留用户"
"14747","1","1","2","4","流失风险用户"
"14748","5","4","4","13","高价值用户"
"14749","1","1","2","4","流失风险用户"
"14750","1","1","1","3","流失风险用户"
"14751","1","2","1","4","流失风险用户"
"14752","4","1","2","7","一般用户"
"14753","3","2","3","8","一般用户"
"14754","4","3","3","10","发展用户"
"14755","5","5","5","15","高价值用户"
"14756","5","2","4","11","一般用户"
"14757","3","1","2","6","一般用户"
"14758","2","3","4","9","挽留用户"
"14759","5","2","3","10","一般用户"
"14760","1","1","1","3","流失风险用户"
"14761","4","2","2","8","一般用户"
"14762","1","2","2","5","流失风险用户"
"14764","4","1","2","7","一般用户"
"14765","5","2","2","9","一般用户"
"14766","5","4","5","14","高价值用户"
"14767","1","1","2","4","流失风险用户"
"14768","5","2","2","9","一般用户"
"14769","5","4","5","14","高价值用户"
"14770","1","3","4","8","挽留用户"
"14771","1","2","2","5","流失风险用户"
"14772","3","1","2","6","一般用户"
"14773","1","1","2","4","流失风险用户"
"14774","1","1","2","4","流失风险用户"
"14775","4","2","3","9","一般用户"
"14776","4","4","4","12","高价值用户"
"14777","1","1","2","4","流失风险用户"
"14778","2","2","3","7","挽留用户"
"14779","1","2","2","5","流失风险用户"
"14780","4","2","2","8","一般用户"
"14782","1","1","2","4","流失风险用户"
"14783","1","1","2","4","流失风险用户"
"14784","5","2","2","9","一般用户"
"14785","5","2","1","8","一般用户"
"14786","1","1","1","3","流失风险用户"
"14787","1","1","1","3","流失风险用户"
"14788","5","2","3","10","一般用户"
"14789","5","1","2","8","一般用户"
"14790","5","4","4","13","高价值用户"
"14791","1","1","2","4","流失风险用户"
"14792","3","1","1","5","一般用户"
"14793","5","2","3","10","一般用户"
"14794","5","4","3","12","发展用户"
"14795","2","1","2","5","流失风险用户"
"14796","5","5","5","15","高价值用户"
"14797","1","1","2","4","流失风险用户"
"14798","4","3","2","9","发展用户"
"14799","4","2","2","8","一般用户"
"14800","4","4","5","13","高价值用户"
"14801","3","1","1","5","一般用户"
"14803","2","2","3","7","挽留用户"
"14804","5","1","2","8","一般用户"
"14805","5","3","3","11","发展用户"
"14806","3","2","2","7","一般用户"
"14807","1","2","3","6","挽留用户"
"14808","4","3","4","11","发展用户"
"14809","1","2","3","6","挽留用户"
"14810","4","4","4","12","高价值用户"
"14811","1","1","2","4","流失风险用户"
"14812","1","1","1","3","流失风险用户"
"14813","1","2","3","6","挽留用户"
"14814","1","1","2","4","流失风险用户"
"14815","4","2","3","9","一般用户"
"14816","1","1","2","4","流失风险用户"
"14817","1","3","4","8","挽留用户"
"14818","3","3","3","9","一般用户"
"14819","3","2","2","7","一般用户"
"14820","5","3","3","11","发展用户"
"14821","1","3","3","7","挽留用户"
"14822","1","1","2","4","流失风险用户"
"14823","1","2","2","5","流失风险用户"
"14824","5","4","4","13","高价值用户"
"14825","5","5","4","14","高价值用户"
"14826","1","2","2","5","流失风险用户"
"14828","1","4","5","10","挽留用户"
"14829","5","3","3","11","发展用户"
"14830","4","1","2","7","一般用户"
"14831","1","2","3","6","挽留用户"
"14833","1","1","1","3","流失风险用户"
"14834","5","3","4","12","发展用户"
"14835","1","2","2","5","流失风险用户"
"14836","5","2","2","9","一般用户"
"14837","3","3","4","10","一般用户"
"14838","1","2","3","6","挽留用户"
"14839","1","2","3","6","挽留用户"
"14840","1","2","2","5","流失风险用户"
"14841","4","4","5","13","高价值用户"
"14842","4","2","4","10","一般用户"
"14843","1","1","2","4","流失风险用户"
"14844","3","3","4","10","一般用户"
"14845","1","1","2","4","流失风险用户"
"14846","1","1","2","4","流失风险用户"
"14847","2","2","3","7","挽留用户"
"14848","1","1","2","4","流失风险用户"
"14849","5","5","5","15","高价值用户"
"14850","1","3","3","7","挽留用户"
"14851","5","2","3","10","一般用户"
"14852","4","4","5","13","高价值用户"
"14853","5","3","3","11","发展用户"
"14854","3","4","4","11","一般用户"
"14855","3","3","5","11","一般用户"
"14856","4","2","3","9","一般用户"
"14857","4","3","4","11","发展用户"
"14858","1","1","2","4","流失风险用户"
"14859","5","3","3","11","发展用户"
"14860","5","1","2","8","一般用户"
"14861","4","3","3","10","发展用户"
"14862","5","2","3","10","一般用户"
"14863","5","1","2","8","一般用户"
"14865","1","2","2","5","流失风险用户"
"14866","5","4","5","14","高价值用户"
"14867","1","4","4","9","挽留用户"
"14868","5","4","4","13","高价值用户"
"14869","5","3","4","12","发展用户"
"14870","1","3","3","7","挽留用户"
"14871","5","3","3","11","发展用户"
"14872","1","2","3","6","挽留用户"
"14873","1","2","3","6","挽留用户"
"14874","1","1","2","4","流失风险用户"
"14875","3","2","4","9","一般用户"
"14876","1","1","2","4","流失风险用户"
"14877","1","2","2","5","流失风险用户"
"14878","5","5","4","14","高价值用户"
"14879","1","1","2","4","流失风险用户"
"14880","3","2","3","8","一般用户"
"14881","5","1","2","8","一般用户"
"14882","5","4","4","13","高价值用户"
"14883","5","3","3","11","发展用户"
"14884","1","1","1","3","流失风险用户"
"14885","2","2","3","7","挽留用户"
"14886","1","1","2","4","流失风险用户"
"14887","3","1","3","7","一般用户"
"14888","1","1","2","4","流失风险用户"
"14889","1","1","2","4","流失风险用户"
"14890","1","2","3","6","挽留用户"
"14891","2","2","3","7","挽留用户"
"14892","1","1","2","4","流失风险用户"
"14893","5","2","3","10","一般用户"
"14894","3","2","3","8","一般用户"
"14895","5","5","5","15","高价值用户"
"14896","1","3","3","7","挽留用户"
"14897","5","3","4","12","发展用户"
"14898","5","4","4","13","高价值用户"
"14899","1","1","3","5","挽留用户"
"14901","5","4","4","13","高价值用户"
"14902","5","2","3","10","一般用户"
"14903","5","3","4","12","发展用户"
"14904","5","2","3","10","一般用户"
"14905","2","3","3","8","挽留用户"
"14907","5","4","5","14","高价值用户"
"14908","3","2","2","7","一般用户"
"14909","1","2","3","6","挽留用户"
"14910","5","2","2","9","一般用户"
"14911","5","5","5","15","高价值用户"
"14912","5","3","3","11","发展用户"
"14913","4","3","4","11","发展用户"
"14915","3","4","3","10","一般用户"
"14916","3","3","4","10","一般用户"
"14917","1","2","3","6","挽留用户"
"14918","3","3","5","11","一般用户"
"14919","1","1","2","4","流失风险用户"
"14920","1","2","3","6","挽留用户"
"14921","4","2","3","9","一般用户"
"14922","1","2","3","6","挽留用户"
"14923","4","1","3","8","一般用户"
"14924","1","2","3","6","挽留用户"
"14926","1","2","2","5","流失风险用户"
"14927","1","1","2","4","流失风险用户"
"14928","1","1","2","4","流失风险用户"
"14929","4","2","3","9","一般用户"
"14930","3","3","4","10","一般用户"
"14931","5","2","3","10","一般用户"
"14932","1","2","3","6","挽留用户"
"14933","1","2","3","6","挽留用户"
"14934","3","3","4","10","一般用户"
"14935","1","2","4","7","挽留用户"
"14936","4","4","5","13","高价值用户"
"14937","4","2","3","9","一般用户"
"14938","1","2","3","6","挽留用户"
"14940","1","2","2","5","流失风险用户"
"14941","1","1","2","4","流失风险用户"
"14942","1","2","2","5","流失风险用户"
"14943","1","1","2","4","流失风险用户"
"14944","5","4","5","14","高价值用户"
"14945","1","1","2","4","流失风险用户"
"14946","5","1","2","8","一般用户"
"14947","3","3","3","9","一般用户"
"14948","5","3","3","11","发展用户"
"14949","1","2","2","5","流失风险用户"
"14950","5","1","2","8","一般用户"
"14951","3","1","2","6","一般用户"
"14952","4","5","5","14","高价值用户"
"14953","5","2","3","10","一般用户"
"14954","5","2","2","9","一般用户"
"14955","1","1","2","4","流失风险用户"
"14956","1","1","3","5","挽留用户"
"14957","1","2","2","5","流失风险用户"
"14958","2","3","3","8","挽留用户"
"14959","3","2","3","8","一般用户"
"14960","5","2","2","9","一般用户"
"14961","5","5","5","15","高价值用户"
"14962","1","2","2","5","流失风险用户"
"14963","5","4","4","13","高价值用户"
"14964","1","1","2","4","流失风险用户"
"14965","3","2","3","8","一般用户"
"14966","5","3","3","11","发展用户"
"14967","4","3","3","10","发展用户"
"14968","4","2","2","8","一般用户"
"14969","1","1","3","5","挽留用户"
"14970","3","4","4","11","一般用户"
"14971","4","2","3","9","一般用户"
"14972","2","2","2","6","流失风险用户"
"14973","3","2","3","8","一般用户"
"14974","4","1","2","7","一般用户"
"14975","4","2","2","8","一般用户"
"14976","4","3","3","10","发展用户"
"14977","1","1","1","3","流失风险用户"
"14978","3","4","4","11","一般用户"
"14979","1","1","2","4","流失风险用户"
"14980","1","1","1","3","流失风险用户"
"14981","1","2","2","5","流失风险用户"
"14982","1","1","2","4","流失风险用户"
"14983","1","1","2","4","流失风险用户"
"14984","5","2","2","9","一般用户"
"14985","1","2","2","5","流失风险用户"
"14986","1","2","3","6","挽留用户"
"14987","5","3","3","11","发展用户"
"14988","1","3","3","7","挽留用户"
"14989","1","1","2","4","流失风险用户"
"14990","1","2","2","5","流失风险用户"
"14991","1","1","2","4","流失风险用户"
"14992","1","1","2","4","流失风险用户"
"14993","1","1","1","3","流失风险用户"
"14994","1","3","3","7","挽留用户"
"14995","4","2","2","8","一般用户"
"14996","1","2","2","5","流失风险用户"
"14997","4","2","3","9","一般用户"
"14998","2","2","3","7","挽留用户"
"14999","1","1","2","4","流失风险用户"
"15000","4","1","2","7","一般用户"
"15001","1","1","2","4","流失风险用户"
"15002","3","3","4","10","一般用户"
"15003","1","3","3","7","挽留用户"
"15004","2","1","3","6","挽留用户"
"15005","5","5","5","15","高价值用户"
"15006","4","2","3","9","一般用户"
"15007","2","1","2","5","流失风险用户"
"15008","1","2","2","5","流失风险用户"
"15009","5","2","3","10","一般用户"
"15010","4","1","2","7","一般用户"
"15011","1","2","2","5","流失风险用户"
"15012","4","2","3","9","一般用户"
"15013","1","4","3","8","挽留用户"
"15014","4","2","2","8","一般用户"
"15015","1","4","4","9","挽留用户"
"15016","2","3","3","8","挽留用户"
"15017","4","1","2","7","一般用户"
"15018","4","2","3","9","一般用户"
"15019","1","1","2","4","流失风险用户"
"15020","1","1","2","4","流失风险用户"
"15021","5","4","4","13","高价值用户"
"15022","5","3","3","11","发展用户"
"15023","5","5","5","15","高价值用户"
"15024","5","4","4","13","高价值用户"
"15025","4","2","3","9","一般用户"
"15026","3","3","3","9","一般用户"
"15027","4","4","4","12","高价值用户"
"15028","5","3","3","11","发展用户"
"15029","1","1","2","4","流失风险用户"
"15030","3","3","3","9","一般用户"
"15031","5","4","4","13","高价值用户"
"15032","1","3","5","9","挽留用户"
"15033","5","4","4","13","高价值用户"
"15034","5","4","5","14","高价值用户"
"15035","3","1","2","6","一般用户"
"15036","3","2","2","7","一般用户"
"15037","1","2","2","5","流失风险用户"
"15038","4","3","3","10","发展用户"
"15039","5","5","5","15","高价值用户"
"15041","2","2","2","6","流失风险用户"
"15042","1","2","2","5","流失风险用户"
"15043","4","3","4","11","发展用户"
"15044","5","5","5","15","高价值用户"
"15045","2","2","3","7","挽留用户"
"15046","5","5","5","15","高价值用户"
"15047","1","1","2","4","流失风险用户"
"15048","3","2","2","7","一般用户"
"15049","1","1","2","4","流失风险用户"
"15050","5","3","4","12","发展用户"
"15051","5","3","4","12","发展用户"
"15052","1","1","2","4","流失风险用户"
"15053","5","2","3","10","一般用户"
"15054","5","2","2","9","一般用户"
"15055","1","2","3","6","挽留用户"
"15056","1","1","2","4","流失风险用户"
"15057","1","3","4","8","挽留用户"
"15058","5","4","4","13","高价值用户"
"15059","4","4","4","12","高价值用户"
"15060","5","2","2","9","一般用户"
"15061","5","5","5","15","高价值用户"
"15062","3","3","4","10","一般用户"
"15063","1","1","2","4","流失风险用户"
"15064","1","2","3","6","挽留用户"
"15065","4","3","4","11","发展用户"
"15066","4","1","3","8","一般用户"
"15067","3","3","4","10","一般用户"
"15068","4","2","3","9","一般用户"
"15069","2","1","3","6","挽留用户"
"15070","1","2","3","6","挽留用户"
"15071","3","2","3","8","一般用户"
"15072","1","1","2","4","流失风险用户"
"15073","5","3","4","12","发展用户"
"15074","3","2","3","8","一般用户"
"15075","3","1","3","7","一般用户"
"15076","2","2","3","7","挽留用户"
"15077","1","2","3","6","挽留用户"
"15078","5","5","5","15","高价值用户"
"15079","1","4","4","9","挽留用户"
"15080","1","2","2","5","流失风险用户"
"15081","5","4","3","12","发展用户"
"15082","1","1","1","3","流失风险用户"
"15083","1","1","1","3","流失风险用户"
"15084","1","2","3","6","挽留用户"
"15085","1","1","2","4","流失风险用户"
"15086","1","2","2","5","流失风险用户"
"15087","1","1","2","4","流失风险用户"
"15088","5","2","3","10","一般用户"
"15089","5","3","4","12","发展用户"
"15090","1","1","2","4","流失风险用户"
"15091","3","2","3","8","一般用户"
"15092","1","2","3","6","挽留用户"
"15093","5","5","5","15","高价值用户"
"15095","3","3","4","10","一般用户"
"15096","4","1","2","7","一般用户"
"15097","5","2","3","10","一般用户"
"15098","1","2","5","8","挽留用户"
"15099","3","1","2","6","一般用户"
"15100","1","3","4","8","挽留用户"
"15101","5","3","3","11","发展用户"
"15102","1","2","2","5","流失风险用户"
"15103","4","2","3","9","一般用户"
"15104","1","2","3","6","挽留用户"
"15105","5","3","4","12","发展用户"
"15106","5","3","3","11","发展用户"
"15107","1","3","3","7","挽留用户"
"15108","2","2","3","7","挽留用户"
"15109","1","2","3","6","挽留用户"
"15110","5","3","3","11","发展用户"
"15111","5","3","4","12","发展用户"
"15112","1","1","2","4","流失风险用户"
"15113","5","2","4","11","一般用户"
"15114","4","4","4","12","高价值用户"
"15115","5","2","2","9","一般用户"
"15116","5","2","3","10","一般用户"
"15117","5","3","4","12","发展用户"
"15118","2","1","2","5","流失风险用户"
"15119","1","1","2","4","流失风险用户"
"15120","2","1","2","5","流失风险用户"
"15121","4","2","2","8","一般用户"
"15122","3","4","4","11","一般用户"
"15123","5","3","4","12","发展用户"
"15124","5","2","2","9","一般用户"
"15125","5","5","5","15","高价值用户"
"15126","1","2","2","5","流失风险用户"
"15127","3","2","3","8","一般用户"
"15128","3","3","3","9","一般用户"
"15129","4","5","5","14","高价值用户"
"15130","2","1","2","5","流失风险用户"
"15131","1","1","1","3","流失风险用户"
"15132","5","3","3","11","发展用户"
"15133","2","3","3","8","挽留用户"
"15134","5","4","3","12","发展用户"
"15135","1","2","2","5","流失风险用户"
"15136","5","2","3","10","一般用户"
"15137","1","2","3","6","挽留用户"
"15138","1","1","2","4","流失风险用户"
"15139","1","2","2","5","流失风险用户"
"15140","4","3","4","11","发展用户"
"15141","1","3","3","7","挽留用户"
"15142","4","3","4","11","发展用户"
"15143","1","2","3","6","挽留用户"
"15144","5","5","5","15","高价值用户"
"15145","5","2","3","10","一般用户"
"15146","2","2","3","7","挽留用户"
"15147","1","1","3","5","挽留用户"
"15148","5","1","2","8","一般用户"
"15149","2","2","3","7","挽留用户"
"15150","5","4","5","14","高价值用户"
"15151","1","2","4","7","挽留用户"
"15152","5","4","4","13","高价值用户"
"15153","4","1","2","7","一般用户"
"15154","3","2","3","8","一般用户"
"15155","1","1","2","4","流失风险用户"
"15156","5","2","3","10","一般用户"
"15157","5","3","4","12","发展用户"
"15158","4","2","3","9","一般用户"
"15159","5","5","5","15","高价值用户"
"15160","1","2","3","6","挽留用户"
"15161","1","1","1","3","流失风险用户"
"15162","1","1","2","4","流失风险用户"
"15163","5","2","2","9","一般用户"
"15164","3","3","3","9","一般用户"
"15165","1","1","3","5","挽留用户"
"15166","1","1","2","4","流失风险用户"
"15167","1","3","3","7","挽留用户"
"15168","5","1","2","8","一般用户"
"15169","1","2","2","5","流失风险用户"
"15170","1","1","1","3","流失风险用户"
"15171","1","1","3","5","挽留用户"
"15172","5","3","3","11","发展用户"
"15173","1","3","3","7","挽留用户"
"15174","1","2","2","5","流失风险用户"
"15175","3","1","2","6","一般用户"
"15176","1","1","3","5","挽留用户"
"15177","1","1","3","5","挽留用户"
"15178","1","1","1","3","流失风险用户"
"15179","5","4","5","14","高价值用户"
"15180","1","2","3","6","挽留用户"
"15181","3","2","3","8","一般用户"
"15182","2","4","4","10","挽留用户"
"15183","1","2","2","5","流失风险用户"
"15184","5","2","2","9","一般用户"
"15185","3","1","2","6","一般用户"
"15186","5","3","3","11","发展用户"
"15187","5","4","4","13","高价值用户"
"15188","1","1","2","4","流失风险用户"
"15189","5","5","5","15","高价值用户"
"15190","1","1","3","5","挽留用户"
"15191","1","2","2","5","流失风险用户"
"15192","3","3","3","9","一般用户"
"15193","3","1","2","6","一般用户"
"15194","5","5","5","15","高价值用户"
"15195","5","1","4","10","一般用户"
"15196","1","2","2","5","流失风险用户"
"15197","5","3","3","11","发展用户"
"15198","3","3","3","9","一般用户"
"15199","4","4","4","12","高价值用户"
"15200","1","1","2","4","流失风险用户"
"15201","3","3","3","9","一般用户"
"15203","5","4","4","13","高价值用户"
"15204","1","1","2","4","流失风险用户"
"15205","3","2","3","8","一般用户"
"15206","5","2","2","9","一般用户"
"15207","1","2","3","6","挽留用户"
"15208","5","3","3","11","发展用户"
"15209","1","1","2","4","流失风险用户"
"15210","1","2","3","6","挽留用户"
"15211","3","2","3","8","一般用户"
"15212","1","2","2","5","流失风险用户"
"15213","1","2","2","5","流失风险用户"
"15214","5","3","3","11","发展用户"
"15215","4","3","4","11","发展用户"
"15216","3","2","2","7","一般用户"
"15217","1","1","2","4","流失风险用户"
"15218","5","5","5","15","高价值用户"
"15219","2","2","3","7","挽留用户"
"15220","4","3","3","10","发展用户"
"15221","1","2","4","7","挽留用户"
"15222","1","4","4","9","挽留用户"
"15223","1","3","3","7","挽留用户"
"15224","1","3","3","7","挽留用户"
"15225","1","1","2","4","流失风险用户"
"15226","1","1","2","4","流失风险用户"
"15227","4","3","4","11","发展用户"
"15228","3","3","5","11","一般用户"
"15229","1","1","1","3","流失风险用户"
"15230","1","1","2","4","流失风险用户"
"15231","1","1","2","4","流失风险用户"
"15232","3","2","2","7","一般用户"
"15234","1","1","2","4","流失风险用户"
"15235","1","4","4","9","挽留用户"
"15236","1","1","2","4","流失风险用户"
"15237","5","2","3","10","一般用户"
"15238","5","2","3","10","一般用户"
"15239","5","2","3","10","一般用户"
"15240","4","4","4","12","高价值用户"
"15241","3","4","4","11","一般用户"
"15242","1","1","2","4","流失风险用户"
"15243","3","2","3","8","一般用户"
"15244","3","2","3","8","一般用户"
"15245","2","3","4","9","挽留用户"
"15246","1","2","3","6","挽留用户"
"15247","2","2","3","7","挽留用户"
"15248","1","2","3","6","挽留用户"
"15249","4","4","5","13","高价值用户"
"15251","5","5","5","15","高价值用户"
"15252","4","3","3","10","发展用户"
"15253","5","3","3","11","发展用户"
"15254","2","2","3","7","挽留用户"
"15255","3","3","4","10","一般用户"
"15256","2","2","2","6","流失风险用户"
"15257","1","2","3","6","挽留用户"
"15258","2","2","3","7","挽留用户"
"15259","1","2","3","6","挽留用户"
"15260","3","5","5","13","一般用户"
"15261","2","2","3","7","挽留用户"
"15262","1","2","2","5","流失风险用户"
"15263","3","1","1","5","一般用户"
"15264","3","2","3","8","一般用户"
"15265","2","2","4","8","挽留用户"
"15266","1","3","3","7","挽留用户"
"15267","5","3","3","11","发展用户"
"15268","1","2","3","6","挽留用户"
"15269","5","2","3","10","一般用户"
"15270","5","4","5","14","高价值用户"
"15271","5","5","4","14","高价值用户"
"15272","4","3","3","10","发展用户"
"15273","1","1","2","4","流失风险用户"
"15274","5","2","3","10","一般用户"
"15275","4","1","3","8","一般用户"
"15276","3","2","3","8","一般用户"
"15277","4","2","2","8","一般用户"
"15278","1","2","2","5","流失风险用户"
"15279","1","3","3","7","挽留用户"
"15280","2","2","2","6","流失风险用户"
"15281","4","4","5","13","高价值用户"
"15282","1","1","2","4","流失风险用户"
"15283","1","2","2","5","流失风险用户"
"15284","1","1","1","3","流失风险用户"
"15285","1","1","1","3","流失风险用户"
"15286","4","1","2","7","一般用户"
"15287","5","3","3","11","发展用户"
"15288","4","3","4","11","发展用户"
"15289","5","3","3","11","发展用户"
"15290","5","5","5","15","高价值用户"
"15291","5","5","5","15","高价值用户"
"15292","1","1","2","4","流失风险用户"
"15293","1","1","2","4","流失风险用户"
"15294","1","1","2","4","流失风险用户"
"15295","1","1","2","4","流失风险用户"
"15296","4","4","5","13","高价值用户"
"15297","5","2","3","10","一般用户"
"15298","5","5","5","15","高价值用户"
"15299","3","3","5","11","一般用户"
"15300","3","1","2","6","一般用户"
"15301","4","4","5","13","高价值用户"
"15302","1","1","2","4","流失风险用户"
"15303","1","2","3","6","挽留用户"
"15304","3","3","3","9","一般用户"
"15305","1","1","1","3","流失风险用户"
"15306","3","3","4","10","一般用户"
"15307","3","1","2","6","一般用户"
"15308","1","1","2","4","流失风险用户"
"15309","1","2","3","6","挽留用户"
"15310","1","1","3","5","挽留用户"
"15311","5","5","5","15","高价值用户"
"15312","3","4","4","11","一般用户"
"15314","1","2","3","6","挽留用户"
"15315","3","2","3","8","一般用户"
"15316","1","1","2","4","流失风险用户"
"15317","1","1","2","4","流失风险用户"
"15318","5","1","2","8","一般用户"
"15319","1","1","2","4","流失风险用户"
"15320","4","1","2","7","一般用户"
"15321","3","4","5","12","一般用户"
"15322","3","2","3","8","一般用户"
"15323","1","2","2","5","流失风险用户"
"15324","1","1","1","3","流失风险用户"
"15325","3","3","3","9","一般用户"
"15326","1","3","3","7","挽留用户"
"15327","4","1","2","7","一般用户"
"15328","1","1","1","3","流失风险用户"
"15329","4","4","4","12","高价值用户"
"15330","4","2","3","9","一般用户"
"15331","1","2","3","6","挽留用户"
"15332","1","3","5","9","挽留用户"
"15333","1","1","3","5","挽留用户"
"15334","2","2","2","6","流失风险用户"
"15335","4","1","2","7","一般用户"
"15336","1","1","2","4","流失风险用户"
"15337","1","1","2","4","流失风险用户"
"15338","1","1","2","4","流失风险用户"
"15339","3","3","3","9","一般用户"
"15340","1","1","1","3","流失风险用户"
"15341","3","2","4","9","一般用户"
"15342","2","1","2","5","流失风险用户"
"15343","3","1","2","6","一般用户"
"15344","5","2","3","10","一般用户"
"15345","4","1","2","7","一般用户"
"15346","1","2","2","5","流失风险用户"
"15347","1","2","3","6","挽留用户"
"15348","3","1","2","6","一般用户"
"15349","2","2","2","6","流失风险用户"
"15350","1","2","3","6","挽留用户"
"15351","5","4","4","13","高价值用户"
"15352","1","1","1","3","流失风险用户"
"15353","1","3","4","8","挽留用户"
"15355","5","2","2","9","一般用户"
"15356","4","4","4","12","高价值用户"
"15358","5","5","5","15","高价值用户"
"15359","1","3","2","6","挽留用户"
"15360","4","1","2","7","一般用户"
"15361","1","2","3","6","挽留用户"
"15362","1","2","3","6","挽留用户"
"15363","1","2","3","6","挽留用户"
"15364","3","2","3","8","一般用户"
"15365","5","4","4","13","高价值用户"
"15366","3","3","4","10","一般用户"
"15367","4","4","4","12","高价值用户"
"15368","5","2","3","10","一般用户"
"15369","1","2","4","7","挽留用户"
"15370","4","3","4","11","发展用户"
"15371","1","1","1","3","流失风险用户"
"15372","2","3","5","10","挽留用户"
"15373","5","4","4","13","高价值用户"
"15374","2","2","2","6","流失风险用户"
"15375","1","1","1","3","流失风险用户"
"15376","4","2","3","9","一般用户"
"15377","1","2","3","6","挽留用户"
"15378","1","2","2","5","流失风险用户"
"15379","2","3","4","9","挽留用户"
"15380","5","3","3","11","发展用户"
"15381","1","2","3","6","挽留用户"
"15382","5","4","5","14","高价值用户"
"15384","2","2","3","7","挽留用户"
"15385","4","2","3","9","一般用户"
"15386","1","1","2","4","流失风险用户"
"15387","1","1","2","4","流失风险用户"
"15388","1","1","2","4","流失风险用户"
"15389","2","3","4","9","挽留用户"
"15390","1","2","3","6","挽留用户"
"15391","1","1","2","4","流失风险用户"
"15392","5","3","4","12","发展用户"
"15393","5","3","3","11","发展用户"
"15394","5","4","4","13","高价值用户"
"15395","1","1","2","4","流失风险用户"
"15396","3","2","3","8","一般用户"
"15397","1","1","1","3","流失风险用户"
"15398","5","2","3","10","一般用户"
"15399","5","2","3","10","一般用户"
"15400","3","3","3","9","一般用户"
"15401","1","2","2","5","流失风险用户"
"15402","2","3","3","8","挽留用户"
"15403","1","2","2","5","流失风险用户"
"15404","1","1","2","4","流失风险用户"
"15405","1","2","3","6","挽留用户"
"15406","4","2","3","9","一般用户"
"15407","4","2","3","9","一般用户"
"15408","1","1","2","4","流失风险用户"
"15409","1","1","1","3","流失风险用户"
"15410","3","4","4","11","一般用户"
"15411","5","2","3","10","一般用户"
"15412","2","1","2","5","流失风险用户"
"15413","1","3","4","8","挽留用户"
"15414","5","2","3","10","一般用户"
"15415","1","1","3","5","挽留用户"
"15416","3","3","4","10","一般用户"
"15417","3","1","2","6","一般用户"
"15418","1","2","2","5","流失风险用户"
"15419","5","1","2","8","一般用户"
"15420","1","3","3","7","挽留用户"
"15421","4","4","4","12","高价值用户"
"15422","1","3","3","7","挽留用户"
"15423","4","2","2","8","一般用户"
"15424","1","2","2","5","流失风险用户"
"15425","1","2","3","6","挽留用户"
"15426","5","3","4","12","发展用户"
"15427","4","2","3","9","一般用户"
"15428","5","2","3","10","一般用户"
"15429","5","2","2","9","一般用户"
"15430","1","2","3","6","挽留用户"
"15431","1","1","2","4","流失风险用户"
"15432","5","2","2","9","一般用户"
"15433","1","2","3","6","挽留用户"
"15434","5","4","4","13","高价值用户"
"15435","5","1","2","8","一般用户"
"15436","5","2","3","10","一般用户"
"15437","1","2","2","5","流失风险用户"
"15438","2","1","2","5","流失风险用户"
"15439","1","2","3","6","挽留用户"
"15440","4","2","2","8","一般用户"
"15441","1","2","3","6","挽留用户"
"15443","5","4","4","13","高价值用户"
"15444","5","2","3","10","一般用户"
"15445","1","2","2","5","流失风险用户"
"15446","1","2","2","5","流失风险用户"
"15447","1","3","2","6","挽留用户"
"15448","1","2","3","6","挽留用户"
"15449","5","2","3","10","一般用户"
"15450","4","1","2","7","一般用户"
"15451","1","2","2","5","流失风险用户"
"15452","5","3","3","11","发展用户"
"15453","5","3","3","11","发展用户"
"15454","1","2","2","5","流失风险用户"
"15455","1","1","1","3","流失风险用户"
"15456","1","4","3","8","挽留用户"
"15457","1","1","2","4","流失风险用户"
"15458","5","2","2","9","一般用户"
"15459","1","2","2","5","流失风险用户"
"15460","1","1","2","4","流失风险用户"
"15461","1","2","2","5","流失风险用户"
"15462","3","2","3","8","一般用户"
"15463","5","1","2","8","一般用户"
"15464","1","1","3","5","挽留用户"
"15465","5","5","5","15","高价值用户"
"15466","3","2","3","8","一般用户"
"15467","5","2","3","10","一般用户"
"15468","4","2","3","9","一般用户"
"15469","4","2","3","9","一般用户"
"15470","1","1","1","3","流失风险用户"
"15471","5","2","3","10","一般用户"
"15472","3","1","2","6","一般用户"
"15473","5","3","4","12","发展用户"
"15474","1","1","2","4","流失风险用户"
"15475","3","1","2","6","一般用户"
"15476","1","2","3","6","挽留用户"
"15477","1","1","2","4","流失风险用户"
"15478","4","2","3","9","一般用户"
"15479","1","1","1","3","流失风险用户"
"15480","3","2","4","9","一般用户"
"15481","1","1","3","5","挽留用户"
"15482","5","4","5","14","高价值用户"
"15483","2","4","3","9","挽留用户"
"15484","5","3","4","12","发展用户"
"15485","4","3","4","11","发展用户"
"15486","1","1","2","4","流失风险用户"
"15487","1","1","2","4","流失风险用户"
"15488","3","2","2","7","一般用户"
"15489","5","3","4","12","发展用户"
"15490","1","1","2","4","流失风险用户"
"15491","3","3","4","10","一般用户"
"15492","5","2","3","10","一般用户"
"15493","4","3","4","11","发展用户"
"15494","5","3","4","12","发展用户"
"15495","1","1","2","4","流失风险用户"
"15496","1","1","2","4","流失风险用户"
"15497","5","3","4","12","发展用户"
"15498","5","5","5","15","高价值用户"
"15499","1","1","2","4","流失风险用户"
"15500","5","2","3","10","一般用户"
"15501","1","2","2","5","流失风险用户"
"15502","5","4","5","14","高价值用户"
"15503","1","2","2","5","流失风险用户"
"15504","3","2","2","7","一般用户"
"15505","4","3","4","11","发展用户"
"15506","5","3","3","11","发展用户"
"15507","2","1","2","5","流失风险用户"
"15508","1","3","3","7","挽留用户"
"15509","1","1","2","4","流失风险用户"
"15510","1","1","2","4","流失风险用户"
"15511","5","3","3","11","发展用户"
"15512","2","2","2","6","流失风险用户"
"15513","4","5","5","14","高价值用户"
"15514","5","4","5","14","高价值用户"
"15515","1","1","2","4","流失风险用户"
"15516","4","2","1","7","一般用户"
"15517","1","1","2","4","流失风险用户"
"15518","3","4","4","11","一般用户"
"15519","1","2","2","5","流失风险用户"
"15520","5","1","2","8","一般用户"
"15521","4","4","5","13","高价值用户"
"15522","4","2","2","8","一般用户"
"15523","3","4","5","12","一般用户"
"15524","5","2","3","10","一般用户"
"15525","5","2","3","10","一般用户"
"15526","4","2","2","8","一般用户"
"15527","5","5","4","14","高价值用户"
"15528","1","1","2","4","流失风险用户"
"15529","5","4","4","13","高价值用户"
"15530","5","3","3","11","发展用户"
"15531","5","2","3","10","一般用户"
"15532","5","4","4","13","高价值用户"
"15533","5","2","3","10","一般用户"
"15534","1","1","2","4","流失风险用户"
"15535","2","3","3","8","挽留用户"
"15536","1","1","2","4","流失风险用户"
"15537","2","1","1","4","流失风险用户"
"15538","1","3","4","8","挽留用户"
"15539","5","1","3","9","一般用户"
"15540","5","2","2","9","一般用户"
"15541","3","1","1","5","一般用户"
"15542","1","2","3","6","挽留用户"
"15543","1","2","2","5","流失风险用户"
"15544","5","5","5","15","高价值用户"
"15545","4","2","2","8","一般用户"
"15547","5","5","5","15","高价值用户"
"15548","1","1","2","4","流失风险用户"
"15549","3","3","4","10","一般用户"
"15550","5","4","3","12","发展用户"
"15551","4","3","3","10","发展用户"
"15552","1","2","2","5","流失风险用户"
"15553","3","1","2","6","一般用户"
"15554","1","1","2","4","流失风险用户"
"15555","5","5","5","15","高价值用户"
"15556","5","1","2","8","一般用户"
"15557","5","1","2","8","一般用户"
"15558","1","1","2","4","流失风险用户"
"15559","1","1","3","5","挽留用户"
"15560","1","2","2","5","流失风险用户"
"15561","5","3","3","11","发展用户"
"15562","1","2","3","6","挽留用户"
"15563","5","3","4","12","发展用户"
"15564","1","2","1","4","流失风险用户"
"15565","4","2","2","8","一般用户"
"15566","1","2","2","5","流失风险用户"
"15567","5","1","2","8","一般用户"
"15568","5","2","3","10","一般用户"
"15569","3","3","4","10","一般用户"
"15570","5","5","5","15","高价值用户"
"15571","5","4","4","13","高价值用户"
"15572","5","4","4","13","高价值用户"
"15573","4","3","3","10","发展用户"
"15574","2","3","3","8","挽留用户"
"15575","1","1","1","3","流失风险用户"
"15576","4","1","3","8","一般用户"
"15577","2","3","2","7","挽留用户"
"15578","2","1","1","4","流失风险用户"
"15579","3","3","3","9","一般用户"
"15580","1","3","3","7","挽留用户"
"15581","2","5","4","11","挽留用户"
"15582","5","2","3","10","一般用户"
"15583","1","1","1","3","流失风险用户"
"15584","5","3","3","11","发展用户"
"15585","2","1","2","5","流失风险用户"
"15586","1","2","3","6","挽留用户"
"15587","4","3","3","10","发展用户"
"15588","1","1","3","5","挽留用户"
"15589","1","2","2","5","流失风险用户"
"15590","1","3","3","7","挽留用户"
"15591","1","2","1","4","流失风险用户"
"15592","4","1","2","7","一般用户"
"15593","3","1","2","6","一般用户"
"15594","5","3","3","11","发展用户"
"15595","1","1","2","4","流失风险用户"
"15596","3","3","4","10","一般用户"
"15597","4","2","3","9","一般用户"
"15598","4","2","2","8","一般用户"
"15599","5","2","3","10","一般用户"
"15600","1","2","3","6","挽留用户"
"15601","5","5","5","15","高价值用户"
"15602","5","4","4","13","高价值用户"
"15603","3","1","1","5","一般用户"
"15604","4","1","2","7","一般用户"
"15605","4","3","3","10","发展用户"
"15606","3","4","4","11","一般用户"
"15607","1","3","3","7","挽留用户"
"15608","5","3","3","11","发展用户"
"15609","1","1","2","4","流失风险用户"
"15610","4","1","1","6","一般用户"
"15611","5","5","4","14","高价值用户"
"15612","4","2","2","8","一般用户"
"15613","1","1","2","4","流失风险用户"
"15614","1","2","4","7","挽留用户"
"15615","5","5","5","15","高价值用户"
"15616","1","1","2","4","流失风险用户"
"15617","1","2","3","6","挽留用户"
"15618","4","2","3","9","一般用户"
"15619","5","1","2","8","一般用户"
"15620","4","2","3","9","一般用户"
"15621","5","2","3","10","一般用户"
"15622","4","4","5","13","高价值用户"
"15623","2","3","3","8","挽留用户"
"15624","3","2","3","8","一般用户"
"15625","3","3","4","10","一般用户"
"15626","3","2","3","8","一般用户"
"15627","1","2","2","5","流失风险用户"
"15628","5","4","4","13","高价值用户"
"15629","1","2","4","7","挽留用户"
"15630","4","2","3","9","一般用户"
"15631","1","1","3","5","挽留用户"
"15632","5","3","4","12","发展用户"
"15633","1","4","4","9","挽留用户"
"15634","5","2","3","10","一般用户"
"15635","1","1","2","4","流失风险用户"
"15636","3","2","3","8","一般用户"
"15637","4","3","3","10","发展用户"
"15638","1","3","4","8","挽留用户"
"15639","2","2","3","7","挽留用户"
"15640","5","5","5","15","高价值用户"
"15641","3","4","4","11","一般用户"
"15642","1","1","2","4","流失风险用户"
"15643","1","2","3","6","挽留用户"
"15644","2","2","3","7","挽留用户"
"15645","5","2","3","10","一般用户"
"15646","2","3","3","8","挽留用户"
"15647","1","1","2","4","流失风险用户"
"15648","1","2","3","6","挽留用户"
"15649","1","2","4","7","挽留用户"
"15650","1","2","3","6","挽留用户"
"15651","4","3","3","10","发展用户"
"15652","3","3","3","9","一般用户"
"15653","3","2","3","8","一般用户"
"15654","5","2","3","10","一般用户"
"15655","1","1","3","5","挽留用户"
"15656","4","2","3","9","一般用户"
"15657","5","1","1","7","一般用户"
"15658","1","3","4","8","挽留用户"
"15659","4","2","2","8","一般用户"
"15660","5","4","4","13","高价值用户"
"15661","1","3","3","7","挽留用户"
"15662","1","2","2","5","流失风险用户"
"15663","3","1","2","6","一般用户"
"15664","4","2","3","9","一般用户"
"15665","2","3","4","9","挽留用户"
"15666","1","2","3","6","挽留用户"
"15667","4","1","2","7","一般用户"
"15668","1","1","1","3","流失风险用户"
"15669","4","2","3","9","一般用户"
"15670","1","2","2","5","流失风险用户"
"15671","5","3","4","12","发展用户"
"15672","1","1","1","3","流失风险用户"
"15673","3","3","5","11","一般用户"
"15674","3","4","5","12","一般用户"
"15675","3","2","2","7","一般用户"
"15676","5","2","4","11","一般用户"
"15677","4","2","3","9","一般用户"
"15678","4","2","3","9","一般用户"
"15679","5","2","3","10","一般用户"
"15680","5","4","4","13","高价值用户"
"15681","5","4","4","13","高价值用户"
"15682","1","2","2","5","流失风险用户"
"15683","3","2","3","8","一般用户"
"15684","1","2","2","5","流失风险用户"
"15685","1","1","1","3","流失风险用户"
"15686","1","1","1","3","流失风险用户"
"15687","5","3","4","12","发展用户"
"15688","1","1","2","4","流失风险用户"
"15689","3","2","3","8","一般用户"
"15690","5","2","2","9","一般用户"
"15691","1","2","3","6","挽留用户"
"15692","5","1","2","8","一般用户"
"15693","1","1","1","3","流失风险用户"
"15694","5","5","5","15","高价值用户"
"15695","1","2","3","6","挽留用户"
"15696","4","4","4","12","高价值用户"
"15697","1","1","2","4","流失风险用户"
"15698","1","1","1","3","流失风险用户"
"15699","5","1","2","8","一般用户"
"15700","2","2","3","7","挽留用户"
"15701","5","2","3","10","一般用户"
"15702","1","1","1","3","流失风险用户"
"15703","1","1","2","4","流失风险用户"
"15704","2","3","4","9","挽留用户"
"15705","1","1","2","4","流失风险用户"
"15706","3","2","3","8","一般用户"
"15707","4","2","3","9","一般用户"
"15708","4","3","4","11","发展用户"
"15709","1","2","2","5","流失风险用户"
"15710","1","1","3","5","挽留用户"
"15711","1","2","2","5","流失风险用户"
"15712","5","4","4","13","高价值用户"
"15713","2","2","3","7","挽留用户"
"15714","5","2","3","10","一般用户"
"15715","1","3","3","7","挽留用户"
"15716","2","4","4","10","挽留用户"
"15717","1","3","2","6","挽留用户"
"15718","1","1","2","4","流失风险用户"
"15719","4","5","5","14","高价值用户"
"15720","5","2","3","10","一般用户"
"15721","5","1","2","8","一般用户"
"15722","4","4","4","12","高价值用户"
"15723","1","2","3","6","挽留用户"
"15724","1","2","2","5","流失风险用户"
"15725","5","1","2","8","一般用户"
"15726","1","1","2","4","流失风险用户"
"15727","5","4","5","14","高价值用户"
"15728","1","2","2","5","流失风险用户"
"15729","1","2","2","5","流失风险用户"
"15730","3","3","3","9","一般用户"
"15731","1","1","2","4","流失风险用户"
"15732","1","3","3","7","挽留用户"
"15733","1","1","2","4","流失风险用户"
"15734","3","2","4","9","一般用户"
"15735","1","1","2","4","流失风险用户"
"15736","1","2","3","6","挽留用户"
"15737","5","3","3","11","发展用户"
"15738","5","5","5","15","高价值用户"
"15739","3","1","2","6","一般用户"
"15740","4","1","2","7","一般用户"
"15741","1","2","2","5","流失风险用户"
"15742","1","1","2","4","流失风险用户"
"15743","5","2","3","10","一般用户"
"15744","3","1","1","5","一般用户"
"15745","5","2","3","10","一般用户"
"15746","2","1","2","5","流失风险用户"
"15747","5","3","4","12","发展用户"
"15748","4","2","3","9","一般用户"
"15749","1","2","5","8","挽留用户"
"15750","5","4","5","14","高价值用户"
"15751","1","3","3","7","挽留用户"
"15752","4","3","4","11","发展用户"
"15753","1","1","1","3","流失风险用户"
"15754","4","3","4","11","发展用户"
"15755","5","4","5","14","高价值用户"
"15756","3","2","2","7","一般用户"
"15757","3","3","4","10","一般用户"
"15758","5","1","2","8","一般用户"
"15759","1","3","3","7","挽留用户"
"15761","1","1","2","4","流失风险用户"
"15762","3","2","3","8","一般用户"
"15763","4","2","3","9","一般用户"
"15764","3","3","4","10","一般用户"
"15765","1","1","2","4","流失风险用户"
"15766","3","2","3","8","一般用户"
"15768","3","5","5","13","一般用户"
"15769","5","5","5","15","高价值用户"
"15770","1","1","2","4","流失风险用户"
"15771","1","2","3","6","挽留用户"
"15772","1","1","2","4","流失风险用户"
"15773","5","2","3","10","一般用户"
"15774","3","3","3","9","一般用户"
"15775","1","2","2","5","流失风险用户"
"15776","2","1","2","5","流失风险用户"
"15777","1","3","3","7","挽留用户"
"15778","1","1","2","4","流失风险用户"
"15779","1","2","1","4","流失风险用户"
"15780","1","2","2","5","流失风险用户"
"15781","5","2","2","9","一般用户"
"15782","5","2","4","11","一般用户"
"15783","5","1","2","8","一般用户"
"15784","1","2","3","6","挽留用户"
"15785","4","4","5","13","高价值用户"
"15786","4","3","5","12","发展用户"
"15787","5","2","3","10","一般用户"
"15788","1","1","2","4","流失风险用户"
"15789","1","3","3","7","挽留用户"
"15790","5","1","2","8","一般用户"
"15791","4","3","4","11","发展用户"
"15792","1","2","3","6","挽留用户"
"15793","5","3","3","11","发展用户"
"15794","1","2","3","6","挽留用户"
"15795","2","3","3","8","挽留用户"
"15796","5","4","4","13","高价值用户"
"15797","3","3","4","10","一般用户"
"15798","1","2","3","6","挽留用户"
"15799","3","2","3","8","一般用户"
"15800","3","3","3","9","一般用户"
"15801","4","2","3","9","一般用户"
"15803","4","2","3","9","一般用户"
"15804","5","4","4","13","高价值用户"
"15805","5","5","5","15","高价值用户"
"15806","4","2","3","9","一般用户"
"15807","4","3","3","10","发展用户"
"15808","1","5","5","11","挽留用户"
"15809","4","3","3","10","发展用户"
"15810","3","3","4","10","一般用户"
"15811","5","3","4","12","发展用户"
"15812","3","4","4","11","一般用户"
"15813","1","2","3","6","挽留用户"
"15814","5","3","4","12","发展用户"
"15815","3","3","3","9","一般用户"
"15816","1","2","2","5","流失风险用户"
"15817","1","2","4","7","挽留用户"
"15818","1","1","2","4","流失风险用户"
"15819","4","4","4","12","高价值用户"
"15820","1","1","2","4","流失风险用户"
"15821","4","2","3","9","一般用户"
"15822","5","3","3","11","发展用户"
"15823","1","2","4","7","挽留用户"
"15824","1","2","3","6","挽留用户"
"15825","2","1","2","5","流失风险用户"
"15826","4","2","4","10","一般用户"
"15827","3","5","4","12","一般用户"
"15828","1","1","3","5","挽留用户"
"15829","3","2","2","7","一般用户"
"15830","4","1","3","8","一般用户"
"15831","4","2","3","9","一般用户"
"15832","1","1","3","5","挽留用户"
"15833","1","1","1","3","流失风险用户"
"15834","3","3","4","10","一般用户"
"15835","4","2","3","9","一般用户"
"15836","4","1","2","7","一般用户"
"15837","3","2","3","8","一般用户"
"15838","5","5","5","15","高价值用户"
"15839","4","2","3","9","一般用户"
"15840","4","2","2","8","一般用户"
"15841","3","3","4","10","一般用户"
"15842","1","2","3","6","挽留用户"
"15843","1","1","1","3","流失风险用户"
"15844","4","1","2","7","一般用户"
"15845","5","4","4","13","高价值用户"
"15846","1","1","2","4","流失风险用户"
"15847","4","3","3","10","发展用户"
"15848","1","1","2","4","流失风险用户"
"15850","5","3","3","11","发展用户"
"15851","1","1","1","3","流失风险用户"
"15852","1","2","2","5","流失风险用户"
"15853","4","1","2","7","一般用户"
"15854","5","5","4","14","高价值用户"
"15855","2","3","3","8","挽留用户"
"15856","5","5","5","15","高价值用户"
"15857","5","2","3","10","一般用户"
"15858","5","4","4","13","高价值用户"
"15859","1","1","2","4","流失风险用户"
"15860","4","4","4","12","高价值用户"
"15861","5","4","4","13","高价值用户"
"15862","5","4","4","13","高价值用户"
"15863","5","3","2","10","发展用户"
"15864","5","3","4","12","发展用户"
"15865","4","3","4","11","发展用户"
"15866","3","1","2","6","一般用户"
"15867","5","5","5","15","高价值用户"
"15868","1","1","1","3","流失风险用户"
"15869","1","2","2","5","流失风险用户"
"15870","4","2","3","9","一般用户"
"15871","1","1","1","3","流失风险用户"
"15872","5","2","3","10","一般用户"
"15873","1","2","2","5","流失风险用户"
"15874","3","5","5","13","一般用户"
"15875","1","1","1","3","流失风险用户"
"15876","1","2","3","6","挽留用户"
"15877","5","2","2","9","一般用户"
"15878","1","2","2","5","流失风险用户"
"15879","1","2","3","6","挽留用户"
"15880","1","1","3","5","挽留用户"
"15881","1","3","2","6","挽留用户"
"15882","1","3","3","7","挽留用户"
"15883","5","2","2","9","一般用户"
"15884","1","2","1","4","流失风险用户"
"15885","3","4","3","10","一般用户"
"15886","3","2","3","8","一般用户"
"15887","1","2","2","5","流失风险用户"
"15888","3","2","2","7","一般用户"
"15889","2","3","3","8","挽留用户"
"15890","1","3","3","7","挽留用户"
"15891","1","1","2","4","流失风险用户"
"15892","1","1","2","4","流失风险用户"
"15893","1","1","2","4","流失风险用户"
"15894","1","2","2","5","流失风险用户"
"15895","2","1","1","4","流失风险用户"
"15897","1","2","2","5","流失风险用户"
"15898","5","5","4","14","高价值用户"
"15899","1","1","1","3","流失风险用户"
"15900","5","2","3","10","一般用户"
"15901","5","3","3","11","发展用户"
"15902","1","1","2","4","流失风险用户"
"15903","5","4","5","14","高价值用户"
"15904","5","1","2","8","一般用户"
"15905","1","1","1","3","流失风险用户"
"15906","5","4","4","13","高价值用户"
"15907","5","2","3","10","一般用户"
"15908","1","2","3","6","挽留用户"
"15909","2","1","2","5","流失风险用户"
"15910","5","4","4","13","高价值用户"
"15911","1","3","3","7","挽留用户"
"15912","2","3","3","8","挽留用户"
"15913","1","1","1","3","流失风险用户"
"15914","1","2","2","5","流失风险用户"
"15915","1","1","2","4","流失风险用户"
"15916","5","4","4","13","高价值用户"
"15917","1","3","2","6","挽留用户"
"15918","1","2","3","6","挽留用户"
"15919","5","2","3","10","一般用户"
"15920","2","3","2","7","挽留用户"
"15921","2","2","3","7","挽留用户"
"15922","1","1","3","5","挽留用户"
"15923","1","1","2","4","流失风险用户"
"15924","1","1","1","3","流失风险用户"
"15925","1","1","2","4","流失风险用户"
"15926","1","1","2","4","流失风险用户"
"15927","1","1","2","4","流失风险用户"
"15928","1","1","2","4","流失风险用户"
"15930","3","1","2","6","一般用户"
"15931","1","1","2","4","流失风险用户"
"15932","5","3","4","12","发展用户"
"15933","5","2","3","10","一般用户"
"15934","1","2","4","7","挽留用户"
"15935","1","1","2","4","流失风险用户"
"15936","1","2","2","5","流失风险用户"
"15937","3","1","2","6","一般用户"
"15938","3","3","3","9","一般用户"
"15939","3","4","5","12","一般用户"
"15940","1","1","1","3","流失风险用户"
"15941","1","1","1","3","流失风险用户"
"15942","2","1","2","5","流失风险用户"
"15943","1","2","2","5","流失风险用户"
"15944","1","2","4","7","挽留用户"
"15945","1","2","3","6","挽留用户"
"15946","1","2","4","7","挽留用户"
"15947","3","1","3","7","一般用户"
"15948","5","2","3","10","一般用户"
"15949","5","2","2","9","一般用户"
"15950","4","4","5","13","高价值用户"
"15951","5","2","3","10","一般用户"
"15952","4","2","3","9","一般用户"
"15953","5","4","4","13","高价值用户"
"15954","1","1","2","4","流失风险用户"
"15955","5","5","5","15","高价值用户"
"15956","1","1","2","4","流失风险用户"
"15957","4","2","3","9","一般用户"
"15958","3","2","2","7","一般用户"
"15959","1","2","3","6","挽留用户"
"15960","1","2","2","5","流失风险用户"
"15961","1","1","2","4","流失风险用户"
"15962","1","1","2","4","流失风险用户"
"15963","5","2","2","9","一般用户"
"15964","1","1","2","4","流失风险用户"
"15965","5","4","4","13","高价值用户"
"15966","1","1","2","4","流失风险用户"
"15967","5","4","4","13","高价值用户"
"15968","1","1","2","4","流失风险用户"
"15969","5","3","3","11","发展用户"
"15970","1","2","3","6","挽留用户"
"15971","4","4","4","12","高价值用户"
"15972","1","3","3","7","挽留用户"
"15973","1","2","3","6","挽留用户"
"15974","4","3","4","11","发展用户"
"15975","3","1","2","6","一般用户"
"15976","2","3","3","8","挽留用户"
"15977","5","2","3","10","一般用户"
"15978","3","2","4","9","一般用户"
"15979","1","1","2","4","流失风险用户"
"15980","3","3","5","11","一般用户"
"15981","5","5","5","15","高价值用户"
"15982","1","1","2","4","流失风险用户"
"15983","5","3","4","12","发展用户"
"15984","5","5","5","15","高价值用户"
"15985","2","3","4","9","挽留用户"
"15986","4","2","2","8","一般用户"
"15987","5","3","3","11","发展用户"
"15988","5","2","3","10","一般用户"
"15989","1","2","2","5","流失风险用户"
"15990","4","3","3","10","发展用户"
"15991","1","1","2","4","流失风险用户"
"15992","5","2","3","10","一般用户"
"15993","5","3","4","12","发展用户"
"15994","4","2","3","9","一般用户"
"15995","1","1","3","5","挽留用户"
"15996","3","3","3","9","一般用户"
"15998","4","4","5","13","高价值用户"
"15999","1","1","1","3","流失风险用户"
"16000","5","2","5","12","一般用户"
"16001","1","1","2","4","流失风险用户"
"16002","1","1","2","4","流失风险用户"
"16003","5","4","5","14","高价值用户"
"16004","1","3","3","7","挽留用户"
"16005","5","4","4","13","高价值用户"
"16006","1","2","2","5","流失风险用户"
"16007","4","3","4","11","发展用户"
"16008","5","4","4","13","高价值用户"
"16009","5","2","3","10","一般用户"
"16010","1","4","3","8","挽留用户"
"16011","5","5","5","15","高价值用户"
"16012","4","3","4","11","发展用户"
"16013","5","5","5","15","高价值用户"
"16014","4","3","3","10","发展用户"
"16015","5","2","3","10","一般用户"
"16016","5","4","4","13","高价值用户"
"16017","4","3","3","10","发展用户"
"16018","4","2","3","9","一般用户"
"16019","4","5","5","14","高价值用户"
"16020","5","2","3","10","一般用户"
"16021","1","2","2","5","流失风险用户"
"16022","1","1","3","5","挽留用户"
"16023","4","2","3","9","一般用户"
"16024","5","2","2","9","一般用户"
"16025","5","1","2","8","一般用户"
"16026","4","1","2","7","一般用户"
"16027","3","4","3","10","一般用户"
"16028","1","1","1","3","流失风险用户"
"16029","4","5","5","14","高价值用户"
"16030","1","1","2","4","流失风险用户"
"16031","3","2","2","7","一般用户"
"16032","1","3","3","7","挽留用户"
"16033","5","5","5","15","高价值用户"
"16034","1","3","3","7","挽留用户"
"16035","1","1","2","4","流失风险用户"
"16036","3","2","3","8","一般用户"
"16037","1","3","3","7","挽留用户"
"16038","5","2","2","9","一般用户"
"16039","1","2","2","5","流失风险用户"
"16040","3","3","4","10","一般用户"
"16041","4","2","4","10","一般用户"
"16042","5","3","4","12","发展用户"
"16043","4","3","3","10","发展用户"
"16044","1","1","2","4","流失风险用户"
"16045","3","3","4","10","一般用户"
"16046","1","1","2","4","流失风险用户"
"16048","1","2","3","6","挽留用户"
"16049","4","3","3","10","发展用户"
"16050","2","2","2","6","流失风险用户"
"16051","1","1","1","3","流失风险用户"
"16052","4","1","2","7","一般用户"
"16053","4","3","4","11","发展用户"
"16054","2","2","3","7","挽留用户"
"16055","1","1","2","4","流失风险用户"
"16056","4","1","3","8","一般用户"
"16057","5","4","4","13","高价值用户"
"16058","1","1","1","3","流失风险用户"
"16059","3","4","4","11","一般用户"
"16060","1","2","2","5","流失风险用户"
"16061","1","1","1","3","流失风险用户"
"16062","5","3","4","12","发展用户"
"16063","1","1","2","4","流失风险用户"
"16064","1","1","2","4","流失风险用户"
"16065","1","3","4","8","挽留用户"
"16066","5","3","3","11","发展用户"
"16067","1","2","3","6","挽留用户"
"16068","1","1","2","4","流失风险用户"
"16069","1","1","2","4","流失风险用户"
"16070","5","2","3","10","一般用户"
"16071","4","2","3","9","一般用户"
"16072","1","2","4","7","挽留用户"
"16073","1","1","2","4","流失风险用户"
"16074","1","1","2","4","流失风险用户"
"16075","1","2","3","6","挽留用户"
"16076","5","4","4","13","高价值用户"
"16077","1","1","4","6","挽留用户"
"16078","1","2","2","5","流失风险用户"
"16079","5","2","3","10","一般用户"
"16080","3","2","3","8","一般用户"
"16081","4","3","4","11","发展用户"
"16082","1","1","1","3","流失风险用户"
"16083","3","2","4","9","一般用户"
"16084","1","1","2","4","流失风险用户"
"16085","5","4","3","12","发展用户"
"16086","4","4","4","12","高价值用户"
"16087","1","3","3","7","挽留用户"
"16088","1","2","3","6","挽留用户"
"16089","1","2","2","5","流失风险用户"
"16090","1","1","2","4","流失风险用户"
"16091","2","2","2","6","流失风险用户"
"16092","3","3","3","9","一般用户"
"16093","3","1","1","5","一般用户"
"16094","5","4","4","13","高价值用户"
"16095","1","1","2","4","流失风险用户"
"16096","1","2","3","6","挽留用户"
"16097","1","1","2","4","流失风险用户"
"16098","3","4","4","11","一般用户"
"16099","4","3","3","10","发展用户"
"16100","1","1","3","5","挽留用户"
"16101","3","2","4","9","一般用户"
"16102","4","2","3","9","一般用户"
"16103","5","5","4","14","高价值用户"
"16104","3","3","4","10","一般用户"
"16105","1","3","3","7","挽留用户"
"16106","3","1","1","5","一般用户"
"16107","5","3","4","12","发展用户"
"16108","3","2","4","9","一般用户"
"16109","1","2","3","6","挽留用户"
"16110","4","2","3","9","一般用户"
"16111","1","1","3","5","挽留用户"
"16112","2","2","2","6","流失风险用户"
"16113","1","1","2","4","流失风险用户"
"16114","2","1","2","5","流失风险用户"
"16115","5","4","4","13","高价值用户"
"16116","1","1","3","5","挽留用户"
"16117","1","2","3","6","挽留用户"
"16118","1","1","4","6","挽留用户"
"16119","5","3","3","11","发展用户"
"16120","4","3","4","11","发展用户"
"16121","4","3","3","10","发展用户"
"16122","3","3","3","9","一般用户"
"16123","4","1","2","7","一般用户"
"16124","1","2","3","6","挽留用户"
"16125","1","4","4","9","挽留用户"
"16126","5","4","5","14","高价值用户"
"16127","4","2","3","9","一般用户"
"16128","5","4","4","13","高价值用户"
"16129","1","2","3","6","挽留用户"
"16130","1","2","3","6","挽留用户"
"16131","4","4","5","13","高价值用户"
"16132","1","2","2","5","流失风险用户"
"16133","5","5","5","15","高价值用户"
"16134","5","3","4","12","发展用户"
"16135","1","2","3","6","挽留用户"
"16136","4","2","3","9","一般用户"
"16137","1","1","2","4","流失风险用户"
"16138","1","2","3","6","挽留用户"
"16139","5","3","3","11","发展用户"
"16140","3","2","3","8","一般用户"
"16141","3","2","3","8","一般用户"
"16142","1","1","3","5","挽留用户"
"16143","5","4","4","13","高价值用户"
"16144","1","1","2","4","流失风险用户"
"16145","5","4","5","14","高价值用户"
"16146","2","2","3","7","挽留用户"
"16147","2","3","4","9","挽留用户"
"16148","1","2","2","5","流失风险用户"
"16149","5","2","2","9","一般用户"
"16150","4","4","4","12","高价值用户"
"16152","1","1","3","5","挽留用户"
"16153","4","4","4","12","高价值用户"
"16155","1","3","3","7","挽留用户"
"16156","5","5","5","15","高价值用户"
"16157","5","2","3","10","一般用户"
"16158","1","3","3","7","挽留用户"
"16159","1","2","3","6","挽留用户"
"16160","3","2","3","8","一般用户"
"16161","5","5","5","15","高价值用户"
"16162","1","1","1","3","流失风险用户"
"16163","1","3","4","8","挽留用户"
"16164","5","2","3","10","一般用户"
"16166","1","2","2","5","流失风险用户"
"16167","1","3","3","7","挽留用户"
"16168","5","5","5","15","高价值用户"
"16169","5","2","3","10","一般用户"
"16170","4","5","5","14","高价值用户"
"16171","4","1","1","6","一般用户"
"16172","3","3","3","9","一般用户"
"16173","5","3","3","11","发展用户"
"16174","2","3","4","9","挽留用户"
"16175","3","3","3","9","一般用户"
"16176","1","2","3","6","挽留用户"
"16177","4","3","4","11","发展用户"
"16178","2","2","3","7","挽留用户"
"16179","3","1","2","6","一般用户"
"16180","3","4","5","12","一般用户"
"16181","3","1","2","6","一般用户"
"16182","3","3","5","11","一般用户"
"16183","3","2","3","8","一般用户"
"16184","3","3","3","9","一般用户"
"16185","5","2","3","10","一般用户"
"16186","5","5","5","15","高价值用户"
"16187","4","4","5","13","高价值用户"
"16188","4","3","3","10","发展用户"
"16189","5","2","2","9","一般用户"
"16190","4","3","4","11","发展用户"
"16191","5","5","5","15","高价值用户"
"16192","1","1","2","4","流失风险用户"
"16193","1","2","3","6","挽留用户"
"16194","1","1","2","4","流失风险用户"
"16195","1","1","2","4","流失风险用户"
"16196","1","1","1","3","流失风险用户"
"16197","1","3","3","7","挽留用户"
"16198","3","2","3","8","一般用户"
"16199","1","3","3","7","挽留用户"
"16200","5","4","4","13","高价值用户"
"16201","5","3","4","12","发展用户"
"16202","1","3","4","8","挽留用户"
"16203","4","3","3","10","发展用户"
"16204","5","2","3","10","一般用户"
"16205","4","3","3","10","发展用户"
"16206","4","4","4","12","高价值用户"
"16207","5","1","2","8","一般用户"
"16208","4","4","4","12","高价值用户"
"16209","3","3","4","10","一般用户"
"16210","5","5","5","15","高价值用户"
"16211","3","2","3","8","一般用户"
"16212","5","2","3","10","一般用户"
"16213","3","1","2","6","一般用户"
"16214","2","2","3","7","挽留用户"
"16215","3","1","2","6","一般用户"
"16216","1","1","3","5","挽留用户"
"16217","1","2","2","5","流失风险用户"
"16218","5","4","4","13","高价值用户"
"16219","1","1","1","3","流失风险用户"
"16221","4","3","4","11","发展用户"
"16222","1","2","3","6","挽留用户"
"16223","1","2","3","6","挽留用户"
"16224","4","3","3","10","发展用户"
"16225","4","4","4","12","高价值用户"
"16226","1","3","3","7","挽留用户"
"16227","1","2","3","6","挽留用户"
"16228","1","2","3","6","挽留用户"
"16229","3","3","4","10","一般用户"
"16230","1","2","2","5","流失风险用户"
"16231","1","2","3","6","挽留用户"
"16232","4","3","4","11","发展用户"
"16233","3","3","3","9","一般用户"
"16234","1","2","2","5","流失风险用户"
"16235","4","3","3","10","发展用户"
"16236","3","1","2","6","一般用户"
"16237","1","1","2","4","流失风险用户"
"16238","1","1","1","3","流失风险用户"
"16239","4","3","3","10","发展用户"
"16240","5","2","4","11","一般用户"
"16241","5","4","4","13","高价值用户"
"16242","5","4","5","14","高价值用户"
"16243","4","2","2","8","一般用户"
"16244","1","2","4","7","挽留用户"
"16245","5","2","3","10","一般用户"
"16246","1","2","3","6","挽留用户"
"16247","2","1","2","5","流失风险用户"
"16248","3","1","2","6","一般用户"
"16249","4","3","3","10","发展用户"
"16250","1","2","3","6","挽留用户"
"16251","1","1","1","3","流失风险用户"
"16252","1","1","2","4","流失风险用户"
"16253","3","3","5","11","一般用户"
"16254","1","2","3","6","挽留用户"
"16255","5","4","4","13","高价值用户"
"16256","1","2","3","6","挽留用户"
"16257","2","1","1","4","流失风险用户"
"16258","4","4","5","13","高价值用户"
"16259","1","2","2","5","流失风险用户"
"16260","4","1","3","8","一般用户"
"16261","5","3","3","11","发展用户"
"16262","1","1","3","5","挽留用户"
"16263","1","1","2","4","流失风险用户"
"16264","1","2","3","6","挽留用户"
"16265","5","4","5","14","高价值用户"
"16266","3","4","3","10","一般用户"
"16267","1","1","2","4","流失风险用户"
"16268","3","2","3","8","一般用户"
"16269","1","1","3","5","挽留用户"
"16270","1","1","3","5","挽留用户"
"16271","5","3","4","12","发展用户"
"16272","3","1","2","6","一般用户"
"16273","1","2","2","5","流失风险用户"
"16274","1","1","3","5","挽留用户"
"16275","1","2","4","7","挽留用户"
"16276","2","2","4","8","挽留用户"
"16277","1","1","2","4","流失风险用户"
"16278","3","2","3","8","一般用户"
"16279","5","3","5","13","发展用户"
"16280","1","1","2","4","流失风险用户"
"16281","3","2","4","9","一般用户"
"16282","1","2","3","6","挽留用户"
"16283","5","3","4","12","发展用户"
"16284","4","2","3","9","一般用户"
"16285","1","1","1","3","流失风险用户"
"16286","1","2","2","5","流失风险用户"
"16287","2","3","3","8","挽留用户"
"16288","1","1","2","4","流失风险用户"
"16289","1","1","2","4","流失风险用户"
"16290","1","2","3","6","挽留用户"
"16292","2","3","3","8","挽留用户"
"16293","5","4","4","13","高价值用户"
"16294","1","1","2","4","流失风险用户"
"16295","5","2","3","10","一般用户"
"16296","1","2","3","6","挽留用户"
"16297","1","1","2","4","流失风险用户"
"16298","5","3","3","11","发展用户"
"16299","1","1","2","4","流失风险用户"
"16300","1","2","3","6","挽留用户"
"16301","1","1","1","3","流失风险用户"
"16302","2","1","2","5","流失风险用户"
"16303","5","3","5","13","发展用户"
"16304","1","1","2","4","流失风险用户"
"16305","2","1","2","5","流失风险用户"
"16306","1","3","3","7","挽留用户"
"16307","1","2","3","6","挽留用户"
"16308","4","3","5","12","发展用户"
"16309","3","2","3","8","一般用户"
"16310","1","2","2","5","流失风险用户"
"16311","5","2","3","10","一般用户"
"16312","1","1","2","4","流失风险用户"
"16313","5","2","2","9","一般用户"
"16314","1","2","3","6","挽留用户"
"16315","1","2","2","5","流失风险用户"
"16316","3","4","5","12","一般用户"
"16317","3","3","4","10","一般用户"
"16318","4","1","2","7","一般用户"
"16319","1","1","2","4","流失风险用户"
"16320","2","3","4","9","挽留用户"
"16321","3","3","3","9","一般用户"
"16322","5","2","2","9","一般用户"
"16323","1","2","2","5","流失风险用户"
"16324","2","2","2","6","流失风险用户"
"16325","4","4","4","12","高价值用户"
"16326","5","5","4","14","高价值用户"
"16327","5","4","5","14","高价值用户"
"16328","1","1","2","4","流失风险用户"
"16329","1","2","3","6","挽留用户"
"16330","5","3","2","10","发展用户"
"16331","1","3","3","7","挽留用户"
"16332","5","4","3","12","发展用户"
"16333","5","5","5","15","高价值用户"
"16334","1","1","2","4","流失风险用户"
"16335","1","3","3","7","挽留用户"
"16336","1","2","4","7","挽留用户"
"16337","4","1","2","7","一般用户"
"16338","2","1","2","5","流失风险用户"
"16339","1","1","2","4","流失风险用户"
"16340","3","2","3","8","一般用户"
"16341","5","3","4","12","发展用户"
"16342","3","2","2","7","一般用户"
"16343","5","2","3","10","一般用户"
"16344","2","2","3","7","挽留用户"
"16345","4","2","3","9","一般用户"
"16346","1","1","2","4","流失风险用户"
"16347","5","4","4","13","高价值用户"
"16348","4","3","3","10","发展用户"
"16349","1","1","1","3","流失风险用户"
"16350","5","3","4","12","发展用户"
"16351","1","4","4","9","挽留用户"
"16352","5","2","2","9","一般用户"
"16353","5","5","5","15","高价值用户"
"16354","3","3","3","9","一般用户"
"16355","1","1","2","4","流失风险用户"
"16356","1","3","2","6","挽留用户"
"16357","4","2","3","9","一般用户"
"16358","5","3","4","12","发展用户"
"16359","5","4","4","13","高价值用户"
"16360","5","3","4","12","发展用户"
"16361","5","2","3","10","一般用户"
"16362","4","3","3","10","发展用户"
"16363","4","1","2","7","一般用户"
"16364","5","2","3","10","一般用户"
"16365","5","4","4","13","高价值用户"
"16366","5","2","3","10","一般用户"
"16367","4","2","3","9","一般用户"
"16368","5","2","3","10","一般用户"
"16369","5","3","4","12","发展用户"
"16370","3","2","3","8","一般用户"
"16371","1","1","2","4","流失风险用户"
"16372","4","3","3","10","发展用户"
"16373","1","2","2","5","流失风险用户"
"16374","3","3","3","9","一般用户"
"16375","1","2","1","4","流失风险用户"
"16376","5","2","3","10","一般用户"
"16377","1","2","3","6","挽留用户"
"16378","1","2","2","5","流失风险用户"
"16379","5","2","4","11","一般用户"
"16380","3","1","3","7","一般用户"
"16381","1","2","2","5","流失风险用户"
"16382","1","2","2","5","流失风险用户"
"16383","3","3","4","10","一般用户"
"16384","3","2","3","8","一般用户"
"16385","3","3","3","9","一般用户"
"16386","5","2","3","10","一般用户"
"16387","1","3","3","7","挽留用户"
"16388","1","1","2","4","流失风险用户"
"16389","4","2","3","9","一般用户"
"16390","1","2","2","5","流失风险用户"
"16391","1","2","3","6","挽留用户"
"16392","1","2","3","6","挽留用户"
"16393","5","5","5","15","高价值用户"
"16394","4","3","3","10","发展用户"
"16395","3","4","4","11","一般用户"
"16396","1","1","2","4","流失风险用户"
"16397","1","1","2","4","流失风险用户"
"16398","2","2","3","7","挽留用户"
"16399","5","2","3","10","一般用户"
"16400","3","3","4","10","一般用户"
"16401","5","5","5","15","高价值用户"
"16402","1","2","3","6","挽留用户"
"16403","1","1","2","4","流失风险用户"
"16404","3","1","2","6","一般用户"
"16405","1","2","2","5","流失风险用户"
"16406","5","2","2","9","一般用户"
"16407","5","4","4","13","高价值用户"
"16408","1","1","2","4","流失风险用户"
"16409","4","4","4","12","高价值用户"
"16410","1","1","1","3","流失风险用户"
"16411","5","2","3","10","一般用户"
"16412","4","3","2","9","发展用户"
"16413","4","2","2","8","一般用户"
"16414","5","3","2","10","发展用户"
"16415","4","2","3","9","一般用户"
"16416","5","3","4","12","发展用户"
"16418","4","3","3","10","发展用户"
"16419","3","3","3","9","一般用户"
"16420","1","1","1","3","流失风险用户"
"16421","1","2","3","6","挽留用户"
"16422","5","5","5","15","高价值用户"
"16423","5","1","2","8","一般用户"
"16424","1","2","2","5","流失风险用户"
"16425","1","1","2","4","流失风险用户"
"16426","5","4","3","12","发展用户"
"16427","1","2","2","5","流失风险用户"
"16428","1","2","3","6","挽留用户"
"16429","3","1","1","5","一般用户"
"16430","4","3","3","10","发展用户"
"16431","1","2","3","6","挽留用户"
"16432","3","1","2","6","一般用户"
"16433","5","2","2","9","一般用户"
"16434","5","4","4","13","高价值用户"
"16435","1","2","3","6","挽留用户"
"16436","1","2","2","5","流失风险用户"
"16437","1","2","2","5","流失风险用户"
"16438","5","3","2","10","发展用户"
"16439","1","1","2","4","流失风险用户"
"16440","5","3","4","12","发展用户"
"16441","3","3","3","9","一般用户"
"16442","5","3","3","11","发展用户"
"16444","4","4","4","12","高价值用户"
"16445","4","2","3","9","一般用户"
"16446","5","2","5","12","一般用户"
"16447","2","2","3","7","挽留用户"
"16448","1","2","2","5","流失风险用户"
"16449","1","2","3","6","挽留用户"
"16450","2","2","3","7","挽留用户"
"16451","3","2","3","8","一般用户"
"16452","1","2","2","5","流失风险用户"
"16453","1","2","2","5","流失风险用户"
"16455","3","4","4","11","一般用户"
"16456","3","4","5","12","一般用户"
"16457","1","1","2","4","流失风险用户"
"16458","5","5","4","14","高价值用户"
"16459","1","1","1","3","流失风险用户"
"16460","5","2","3","10","一般用户"
"16461","2","2","3","7","挽留用户"
"16462","3","2","2","7","一般用户"
"16463","5","2","3","10","一般用户"
"16464","5","2","3","10","一般用户"
"16465","1","2","3","6","挽留用户"
"16466","4","4","4","12","高价值用户"
"16467","1","3","4","8","挽留用户"
"16468","3","2","3","8","一般用户"
"16469","5","3","3","11","发展用户"
"16470","4","4","4","12","高价值用户"
"16471","1","2","3","6","挽留用户"
"16472","1","2","3","6","挽留用户"
"16473","2","2","2","6","流失风险用户"
"16474","5","3","3","11","发展用户"
"16475","3","2","2","7","一般用户"
"16476","1","1","2","4","流失风险用户"
"16477","3","4","4","11","一般用户"
"16478","5","2","2","9","一般用户"
"16479","5","2","2","9","一般用户"
"16480","3","1","3","7","一般用户"
"16481","1","1","2","4","流失风险用户"
"16482","5","1","2","8","一般用户"
"16483","1","1","2","4","流失风险用户"
"16484","2","2","2","6","流失风险用户"
"16485","3","3","3","9","一般用户"
"16486","1","1","2","4","流失风险用户"
"16487","1","2","2","5","流失风险用户"
"16488","4","2","2","8","一般用户"
"16489","1","2","2","5","流失风险用户"
"16490","1","1","2","4","流失风险用户"
"16491","4","2","3","9","一般用户"
"16492","1","1","2","4","流失风险用户"
"16493","3","3","3","9","一般用户"
"16494","1","1","3","5","挽留用户"
"16495","5","2","3","10","一般用户"
"16496","5","3","4","12","发展用户"
"16497","4","5","5","14","高价值用户"
"16498","2","2","2","6","流失风险用户"
"16499","1","3","4","8","挽留用户"
"16500","5","3","3","11","发展用户"
"16501","1","1","3","5","挽留用户"
"16502","1","2","2","5","流失风险用户"
"16503","3","4","4","11","一般用户"
"16504","5","1","2","8","一般用户"
"16505","4","1","3","8","一般用户"
"16506","5","2","1","8","一般用户"
"16507","1","1","2","4","流失风险用户"
"16508","1","1","2","4","流失风险用户"
"16509","1","1","2","4","流失风险用户"
"16510","1","3","3","7","挽留用户"
"16511","5","3","3","11","发展用户"
"16513","5","2","3","10","一般用户"
"16515","4","4","4","12","高价值用户"
"16516","4","1","1","6","一般用户"
"16517","1","1","2","4","流失风险用户"
"16518","3","2","3","8","一般用户"
"16519","5","2","2","9","一般用户"
"16520","1","3","4","8","挽留用户"
"16521","1","2","3","6","挽留用户"
"16522","1","2","2","5","流失风险用户"
"16523","5","5","5","15","高价值用户"
"16524","1","2","2","5","流失风险用户"
"16525","5","5","5","15","高价值用户"
"16526","2","2","3","7","挽留用户"
"16527","3","2","3","8","一般用户"
"16528","5","1","2","8","一般用户"
"16529","1","2","3","6","挽留用户"
"16530","1","1","1","3","流失风险用户"
"16531","5","4","4","13","高价值用户"
"16532","5","3","5","13","发展用户"
"16533","5","2","3","10","一般用户"
"16534","1","1","2","4","流失风险用户"
"16535","5","2","3","10","一般用户"
"16536","3","1","3","7","一般用户"
"16537","1","1","1","3","流失风险用户"
"16538","1","2","2","5","流失风险用户"
"16539","5","4","4","13","高价值用户"
"16540","1","1","2","4","流失风险用户"
"16541","1","1","2","4","流失风险用户"
"16542","4","2","2","8","一般用户"
"16543","1","1","2","4","流失风险用户"
"16544","1","1","1","3","流失风险用户"
"16545","2","2","3","7","挽留用户"
"16546","1","3","5","9","挽留用户"
"16547","1","1","1","3","流失风险用户"
"16548","1","1","1","3","流失风险用户"
"16549","5","5","5","15","高价值用户"
"16550","3","4","5","12","一般用户"
"16551","3","3","3","9","一般用户"
"16552","1","2","2","5","流失风险用户"
"16553","2","5","5","12","挽留用户"
"16554","4","3","4","11","发展用户"
"16555","4","3","3","10","发展用户"
"16556","3","4","5","12","一般用户"
"16557","5","2","2","9","一般用户"
"16558","5","5","5","15","高价值用户"
"16559","1","1","2","4","流失风险用户"
"16560","5","3","4","12","发展用户"
"16561","5","2","2","9","一般用户"
"16562","1","1","2","4","流失风险用户"
"16563","4","3","4","11","发展用户"
"16564","1","1","1","3","流失风险用户"
"16565","1","2","3","6","挽留用户"
"16566","5","3","3","11","发展用户"
"16567","1","2","3","6","挽留用户"
"16568","1","2","3","6","挽留用户"
"16569","5","3","3","11","发展用户"
"16570","5","5","5","15","高价值用户"
"16571","5","4","4","13","高价值用户"
"16572","2","2","3","7","挽留用户"
"16573","3","2","3","8","一般用户"
"16574","3","2","3","8","一般用户"
"16576","1","2","2","5","流失风险用户"
"16577","1","1","2","4","流失风险用户"
"16578","1","1","1","3","流失风险用户"
"16579","1","1","2","4","流失风险用户"
"16581","1","1","1","3","流失风险用户"
"16582","3","1","2","6","一般用户"
"16583","1","2","3","6","挽留用户"
"16584","3","3","4","10","一般用户"
"16585","1","2","2","5","流失风险用户"
"16586","1","2","3","6","挽留用户"
"16587","1","1","2","4","流失风险用户"
"16588","1","2","3","6","挽留用户"
"16589","3","2","3","8","一般用户"
"16590","1","2","3","6","挽留用户"
"16591","3","1","2","6","一般用户"
"16592","5","5","5","15","高价值用户"
"16593","4","3","3","10","发展用户"
"16594","3","1","2","6","一般用户"
"16595","3","3","3","9","一般用户"
"16596","5","2","3","10","一般用户"
"16597","5","1","1","7","一般用户"
"16598","1","1","2","4","流失风险用户"
"16599","1","1","2","4","流失风险用户"
"16600","5","4","3","12","发展用户"
"16601","4","2","3","9","一般用户"
"16602","4","2","3","9","一般用户"
"16603","3","2","2","7","一般用户"
"16604","1","2","2","5","流失风险用户"
"16605","1","1","1","3","流失风险用户"
"16606","1","2","2","5","流失风险用户"
"16607","5","5","5","15","高价值用户"
"16608","1","2","3","6","挽留用户"
"16609","5","3","4","12","发展用户"
"16610","1","1","1","3","流失风险用户"
"16611","1","3","3","7","挽留用户"
"16612","4","3","4","11","发展用户"
"16613","3","1","3","7","一般用户"
"16614","1","2","3","6","挽留用户"
"16615","1","1","2","4","流失风险用户"
"16616","5","2","3","10","一般用户"
"16617","1","1","1","3","流失风险用户"
"16618","4","3","4","11","发展用户"
"16619","1","2","3","6","挽留用户"
"16620","5","3","3","11","发展用户"
"16621","4","2","3","9","一般用户"
"16622","1","1","2","4","流失风险用户"
"16623","1","2","3","6","挽留用户"
"16624","3","2","3","8","一般用户"
"16625","1","3","3","7","挽留用户"
"16626","5","4","4","13","高价值用户"
"16627","3","1","2","6","一般用户"
"16628","5","3","4","12","发展用户"
"16629","3","2","2","7","一般用户"
"16630","1","1","1","3","流失风险用户"
"16631","1","3","3","7","挽留用户"
"16632","1","2","2","5","流失风险用户"
"16633","5","3","4","12","发展用户"
"16634","1","3","3","7","挽留用户"
"16635","1","1","2","4","流失风险用户"
"16636","1","2","4","7","挽留用户"
"16637","4","2","3","9","一般用户"
"16638","5","4","4","13","高价值用户"
"16639","4","2","3","9","一般用户"
"16640","1","1","2","4","流失风险用户"
"16641","3","2","2","7","一般用户"
"16642","5","2","3","10","一般用户"
"16643","1","2","3","6","挽留用户"
"16644","2","2","3","7","挽留用户"
"16645","1","1","1","3","流失风险用户"
"16646","1","1","3","5","挽留用户"
"16647","2","2","2","6","流失风险用户"
"16648","4","2","3","9","一般用户"
"16649","1","1","2","4","流失风险用户"
"16650","3","3","3","9","一般用户"
"16651","1","1","2","4","流失风险用户"
"16652","4","4","5","13","高价值用户"
"16653","5","2","3","10","一般用户"
"16654","2","3","3","8","挽留用户"
"16655","5","4","5","14","高价值用户"
"16656","5","5","5","15","高价值用户"
"16657","5","2","3","10","一般用户"
"16658","1","3","3","7","挽留用户"
"16659","1","1","1","3","流失风险用户"
"16660","5","3","3","11","发展用户"
"16661","1","2","3","6","挽留用户"
"16662","1","1","1","3","流失风险用户"
"16664","1","1","2","4","流失风险用户"
"16665","1","1","2","4","流失风险用户"
"16666","5","2","2","9","一般用户"
"16667","3","2","2","7","一般用户"
"16668","5","4","3","12","发展用户"
"16669","5","2","3","10","一般用户"
"16670","4","4","5","13","高价值用户"
"16671","4","2","3","9","一般用户"
"16672","5","5","5","15","高价值用户"
"16673","1","1","2","4","流失风险用户"
"16674","4","2","2","8","一般用户"
"16675","1","2","3","6","挽留用户"
"16676","4","3","4","11","发展用户"
"16677","1","2","3","6","挽留用户"
"16678","5","4","4","13","高价值用户"
"16679","1","2","3","6","挽留用户"
"16680","4","2","3","9","一般用户"
"16681","3","3","3","9","一般用户"
"16682","5","3","3","11","发展用户"
"16683","1","1","2","4","流失风险用户"
"16684","5","5","5","15","高价值用户"
"16685","3","2","2","7","一般用户"
"16686","4","4","4","12","高价值用户"
"16687","1","1","2","4","流失风险用户"
"16688","5","2","3","10","一般用户"
"16689","3","2","2","7","一般用户"
"16690","3","2","2","7","一般用户"
"16691","1","2","1","4","流失风险用户"
"16692","1","2","3","6","挽留用户"
"16693","3","3","3","9","一般用户"
"16694","1","1","1","3","流失风险用户"
"16695","1","2","2","5","流失风险用户"
"16696","2","2","3","7","挽留用户"
"16697","1","1","1","3","流失风险用户"
"16698","1","2","3","6","挽留用户"
"16699","1","3","3","7","挽留用户"
"16700","5","5","5","15","高价值用户"
"16701","5","5","5","15","高价值用户"
"16702","1","2","3","6","挽留用户"
"16704","1","2","3","6","挽留用户"
"16705","5","5","5","15","高价值用户"
"16706","4","2","2","8","一般用户"
"16707","1","2","3","6","挽留用户"
"16708","4","1","3","8","一般用户"
"16709","3","4","5","12","一般用户"
"16710","5","5","5","15","高价值用户"
"16711","5","3","4","12","发展用户"
"16712","5","4","4","13","高价值用户"
"16713","5","5","5","15","高价值用户"
"16714","1","2","3","6","挽留用户"
"16715","3","2","3","8","一般用户"
"16716","1","2","4","7","挽留用户"
"16717","5","4","5","14","高价值用户"
"16718","1","3","4","8","挽留用户"
"16719","5","4","4","13","高价值用户"
"16720","5","2","3","10","一般用户"
"16721","1","1","2","4","流失风险用户"
"16722","5","5","5","15","高价值用户"
"16723","3","2","3","8","一般用户"
"16724","1","1","2","4","流失风险用户"
"16725","1","4","3","8","挽留用户"
"16726","5","3","3","11","发展用户"
"16727","1","2","3","6","挽留用户"
"16728","4","2","3","9","一般用户"
"16729","4","5","5","14","高价值用户"
"16730","4","2","3","9","一般用户"
"16731","1","1","2","4","流失风险用户"
"16732","4","2","4","10","一般用户"
"16733","1","1","2","4","流失风险用户"
"16734","4","2","3","9","一般用户"
"16735","3","4","5","12","一般用户"
"16736","1","3","4","8","挽留用户"
"16737","4","2","3","9","一般用户"
"16739","2","2","3","7","挽留用户"
"16740","1","1","2","4","流失风险用户"
"16741","1","1","2","4","流失风险用户"
"16742","1","4","3","8","挽留用户"
"16743","5","4","4","13","高价值用户"
"16744","5","3","3","11","发展用户"
"16745","3","4","5","12","一般用户"
"16746","5","5","5","15","高价值用户"
"16747","4","2","3","9","一般用户"
"16748","5","4","4","13","高价值用户"
"16749","1","2","4","7","挽留用户"
"16750","4","3","3","10","发展用户"
"16751","4","1","3","8","一般用户"
"16752","1","1","2","4","流失风险用户"
"16753","4","1","2","7","一般用户"
"16754","1","5","5","11","挽留用户"
"16755","3","3","4","10","一般用户"
"16756","1","3","3","7","挽留用户"
"16757","1","2","2","5","流失风险用户"
"16758","3","1","2","6","一般用户"
"16759","5","2","3","10","一般用户"
"16760","1","1","2","4","流失风险用户"
"16761","3","1","2","6","一般用户"
"16762","5","2","3","10","一般用户"
"16763","1","2","3","6","挽留用户"
"16764","5","4","4","13","高价值用户"
"16765","1","2","2","5","流失风险用户"
"16766","1","2","3","6","挽留用户"
"16767","4","4","5","13","高价值用户"
"16768","4","3","3","10","发展用户"
"16769","1","2","3","6","挽留用户"
"16770","4","3","3","10","发展用户"
"16771","4","3","4","11","发展用户"
"16772","1","2","4","7","挽留用户"
"16773","4","2","2","8","一般用户"
"16774","3","3","3","9","一般用户"
"16775","5","4","4","13","高价值用户"
"16776","3","2","3","8","一般用户"
"16777","3","3","3","9","一般用户"
"16778","3","2","2","7","一般用户"
"16779","5","5","5","15","高价值用户"
"16780","3","2","3","8","一般用户"
"16781","1","2","3","6","挽留用户"
"16782","5","5","5","15","高价值用户"
"16783","1","1","2","4","流失风险用户"
"16784","5","3","3","11","发展用户"
"16785","1","1","3","5","挽留用户"
"16786","1","1","1","3","流失风险用户"
"16787","1","2","3","6","挽留用户"
"16788","2","3","3","8","挽留用户"
"16789","5","1","1","7","一般用户"
"16790","5","3","3","11","发展用户"
"16791","5","4","4","13","高价值用户"
"16792","1","3","3","7","挽留用户"
"16793","4","1","2","7","一般用户"
"16794","5","4","4","13","高价值用户"
"16795","1","2","4","7","挽留用户"
"16796","3","1","2","6","一般用户"
"16797","1","3","3","7","挽留用户"
"16798","1","2","3","6","挽留用户"
"16799","1","2","2","5","流失风险用户"
"16800","5","1","3","9","一般用户"
"16801","2","2","3","7","挽留用户"
"16802","1","2","3","6","挽留用户"
"16803","3","1","2","6","一般用户"
"16804","5","2","2","9","一般用户"
"16805","2","2","3","7","挽留用户"
"16806","3","2","3","8","一般用户"
"16807","2","3","4","9","挽留用户"
"16808","3","2","2","7","一般用户"
"16809","5","3","3","11","发展用户"
"16810","1","2","3","6","挽留用户"
"16811","5","2","3","10","一般用户"
"16812","1","2","4","7","挽留用户"
"16813","5","4","3","12","发展用户"
"16814","5","5","5","15","高价值用户"
"16815","1","2","2","5","流失风险用户"
"16816","3","2","2","7","一般用户"
"16817","5","4","4","13","高价值用户"
"16818","5","4","4","13","高价值用户"
"16819","1","2","2","5","流失风险用户"
"16820","3","1","2","6","一般用户"
"16821","1","1","2","4","流失风险用户"
"16822","1","1","2","4","流失风险用户"
"16823","1","3","4","8","挽留用户"
"16824","5","2","3","10","一般用户"
"16825","4","3","3","10","发展用户"
"16826","4","1","2","7","一般用户"
"16827","1","3","2","6","挽留用户"
"16828","3","1","2","6","一般用户"
"16829","2","2","3","7","挽留用户"
"16830","4","2","3","9","一般用户"
"16831","1","1","1","3","流失风险用户"
"16832","1","3","2","6","挽留用户"
"16833","5","3","4","12","发展用户"
"16834","1","2","3","6","挽留用户"
"16835","2","3","3","8","挽留用户"
"16836","4","2","3","9","一般用户"
"16837","4","4","4","12","高价值用户"
"16838","1","2","3","6","挽留用户"
"16839","5","5","5","15","高价值用户"
"16840","1","2","1","4","流失风险用户"
"16841","4","4","4","12","高价值用户"
"16842","3","2","3","8","一般用户"
"16843","4","5","5","14","高价值用户"
"16844","1","2","2","5","流失风险用户"
"16845","1","1","2","4","流失风险用户"
"16846","4","2","3","9","一般用户"
"16847","4","2","3","9","一般用户"
"16848","4","2","3","9","一般用户"
"16849","1","1","1","3","流失风险用户"
"16850","1","1","2","4","流失风险用户"
"16851","5","2","2","9","一般用户"
"16852","5","2","1","8","一般用户"
"16854","1","2","3","6","挽留用户"
"16855","5","2","2","9","一般用户"
"16856","5","2","2","9","一般用户"
"16857","1","1","2","4","流失风险用户"
"16858","1","4","4","9","挽留用户"
"16859","2","3","3","8","挽留用户"
"16860","1","2","3","6","挽留用户"
"16861","4","3","3","10","发展用户"
"16862","1","2","2","5","流失风险用户"
"16863","4","2","3","9","一般用户"
"16864","1","2","2","5","流失风险用户"
"16865","1","1","2","4","流失风险用户"
"16866","2","2","2","6","流失风险用户"
"16867","1","1","1","3","流失风险用户"
"16868","1","2","2","5","流失风险用户"
"16869","5","2","3","10","一般用户"
"16870","1","1","2","4","流失风险用户"
"16871","5","3","4","12","发展用户"
"16872","3","3","3","9","一般用户"
"16873","5","4","5","14","高价值用户"
"16874","1","1","2","4","流失风险用户"
"16875","3","4","4","11","一般用户"
"16876","1","1","2","4","流失风险用户"
"16877","5","3","3","11","发展用户"
"16878","3","1","1","5","一般用户"
"16880","4","3","3","10","发展用户"
"16881","3","1","2","6","一般用户"
"16882","3","2","3","8","一般用户"
"16883","1","4","4","9","挽留用户"
"16884","4","2","3","9","一般用户"
"16885","5","2","3","10","一般用户"
"16886","1","1","2","4","流失风险用户"
"16887","4","2","2","8","一般用户"
"16888","1","2","2","5","流失风险用户"
"16889","1","3","4","8","挽留用户"
"16890","1","2","2","5","流失风险用户"
"16891","5","4","3","12","发展用户"
"16892","5","3","3","11","发展用户"
"16893","1","2","2","5","流失风险用户"
"16894","1","2","3","6","挽留用户"
"16895","3","3","3","9","一般用户"
"16896","1","1","1","3","流失风险用户"
"16897","1","2","2","5","流失风险用户"
"16898","5","3","3","11","发展用户"
"16899","5","3","3","11","发展用户"
"16900","5","2","3","10","一般用户"
"16901","1","1","2","4","流失风险用户"
"16902","3","1","3","7","一般用户"
"16903","5","2","3","10","一般用户"
"16904","5","5","4","14","高价值用户"
"16905","5","4","4","13","高价值用户"
"16906","3","3","3","9","一般用户"
"16907","5","3","3","11","发展用户"
"16908","1","1","2","4","流失风险用户"
"16909","3","1","2","6","一般用户"
"16910","5","3","3","11","发展用户"
"16911","1","2","2","5","流失风险用户"
"16912","5","4","4","13","高价值用户"
"16913","1","2","2","5","流失风险用户"
"16914","4","1","2","7","一般用户"
"16915","5","4","3","12","发展用户"
"16916","5","2","3","10","一般用户"
"16917","1","2","3","6","挽留用户"
"16918","3","4","4","11","一般用户"
"16919","2","5","4","11","挽留用户"
"16920","1","1","2","4","流失风险用户"
"16921","3","2","2","7","一般用户"
"16922","1","1","3","5","挽留用户"
"16923","5","5","5","15","高价值用户"
"16924","5","2","3","10","一般用户"
"16925","1","1","2","4","流失风险用户"
"16926","1","3","3","7","挽留用户"
"16927","3","2","3","8","一般用户"
"16928","3","5","4","12","一般用户"
"16929","5","3","3","11","发展用户"
"16930","5","2","2","9","一般用户"
"16931","5","5","4","14","高价值用户"
"16932","4","2","2","8","一般用户"
"16933","5","3","4","12","发展用户"
"16934","4","3","3","10","发展用户"
"16935","1","2","2","5","流失风险用户"
"16936","5","2","2","9","一般用户"
"16937","1","1","2","4","流失风险用户"
"16938","5","3","5","13","发展用户"
"16939","1","2","2","5","流失风险用户"
"16940","4","3","5","12","发展用户"
"16941","1","1","1","3","流失风险用户"
"16942","5","3","3","11","发展用户"
"16943","1","2","3","6","挽留用户"
"16944","1","1","2","4","流失风险用户"
"16945","5","5","5","15","高价值用户"
"16946","1","3","3","7","挽留用户"
"16947","1","2","3","6","挽留用户"
"16948","2","3","3","8","挽留用户"
"16949","5","3","3","11","发展用户"
"16950","4","4","4","12","高价值用户"
"16951","2","2","3","7","挽留用户"
"16952","3","3","3","9","一般用户"
"16954","5","5","5","15","高价值用户"
"16955","1","3","3","7","挽留用户"
"16956","5","1","2","8","一般用户"
"16957","1","2","2","5","流失风险用户"
"16958","1","1","3","5","挽留用户"
"16959","3","1","1","5","一般用户"
"16960","4","3","3","10","发展用户"
"16961","3","2","3","8","一般用户"
"16962","1","1","2","4","流失风险用户"
"16963","1","1","2","4","流失风险用户"
"16964","1","1","2","4","流失风险用户"
"16965","1","1","2","4","流失风险用户"
"16966","5","3","4","12","发展用户"
"16967","1","1","2","4","流失风险用户"
"16968","5","2","2","9","一般用户"
"16969","4","2","3","9","一般用户"
"16971","4","1","2","7","一般用户"
"16972","1","2","3","6","挽留用户"
"16973","1","1","2","4","流失风险用户"
"16974","1","2","2","5","流失风险用户"
"16975","1","2","3","6","挽留用户"
"16976","1","1","2","4","流失风险用户"
"16977","1","2","2","5","流失风险用户"
"16978","3","2","3","8","一般用户"
"16979","5","3","4","12","发展用户"
"16980","1","2","3","6","挽留用户"
"16982","3","1","2","6","一般用户"
"16983","5","4","4","13","高价值用户"
"16984","3","3","5","11","一般用户"
"16985","5","5","5","15","高价值用户"
"16986","4","4","4","12","高价值用户"
"16987","5","4","4","13","高价值用户"
"16988","5","2","2","9","一般用户"
"16989","5","3","3","11","发展用户"
"16991","1","1","3","5","挽留用户"
"16992","5","4","5","14","高价值用户"
"16993","1","2","3","6","挽留用户"
"16996","4","3","3","10","发展用户"
"16997","1","2","3","6","挽留用户"
"16998","2","3","2","7","挽留用户"
"16999","5","2","2","9","一般用户"
"17000","1","2","2","5","流失风险用户"
"17001","5","4","5","14","高价值用户"
"17002","3","3","4","10","一般用户"
"17003","1","2","3","6","挽留用户"
"17004","4","2","4","10","一般用户"
"17005","1","2","3","6","挽留用户"
"17006","5","3","3","11","发展用户"
"17007","4","3","3","10","发展用户"
"17008","1","1","1","3","流失风险用户"
"17009","1","1","2","4","流失风险用户"
"17010","5","1","2","8","一般用户"
"17011","4","2","3","9","一般用户"
"17012","1","1","2","4","流失风险用户"
"17014","5","2","3","10","一般用户"
"17015","5","2","3","10","一般用户"
"17016","1","1","3","5","挽留用户"
"17017","5","5","5","15","高价值用户"
"17018","4","3","4","11","发展用户"
"17019","5","4","4","13","高价值用户"
"17020","1","2","3","6","挽留用户"
"17021","1","3","3","7","挽留用户"
"17022","4","2","2","8","一般用户"
"17023","1","2","3","6","挽留用户"
"17024","4","2","1","7","一般用户"
"17025","3","3","3","9","一般用户"
"17026","1","2","2","5","流失风险用户"
"17027","3","3","3","9","一般用户"
"17028","1","2","3","6","挽留用户"
"17029","1","2","2","5","流失风险用户"
"17030","3","1","2","6","一般用户"
"17031","5","3","4","12","发展用户"
"17032","1","3","4","8","挽留用户"
"17033","3","2","3","8","一般用户"
"17034","5","3","3","11","发展用户"
"17035","1","2","3","6","挽留用户"
"17036","1","1","2","4","流失风险用户"
"17037","3","1","3","7","一般用户"
"17038","4","2","3","9","一般用户"
"17039","1","1","3","5","挽留用户"
"17040","2","2","2","6","流失风险用户"
"17041","5","3","3","11","发展用户"
"17042","5","3","3","11","发展用户"
"17043","4","3","4","11","发展用户"
"17044","5","4","5","14","高价值用户"
"17045","3","3","3","9","一般用户"
"17046","2","3","3","8","挽留用户"
"17047","3","3","4","10","一般用户"
"17048","3","3","3","9","一般用户"
"17049","5","4","5","14","高价值用户"
"17050","3","4","4","11","一般用户"
"17051","1","2","3","6","挽留用户"
"17052","5","1","2","8","一般用户"
"17053","2","1","2","5","流失风险用户"
"17054","5","3","3","11","发展用户"
"17055","1","1","2","4","流失风险用户"
"17056","1","1","2","4","流失风险用户"
"17057","1","1","2","4","流失风险用户"
"17058","3","2","3","8","一般用户"
"17059","5","3","4","12","发展用户"
"17060","1","1","2","4","流失风险用户"
"17061","3","4","4","11","一般用户"
"17062","1","3","3","7","挽留用户"
"17063","5","4","4","13","高价值用户"
"17064","4","2","3","9","一般用户"
"17065","1","2","2","5","流失风险用户"
"17066","1","1","2","4","流失风险用户"
"17067","1","2","2","5","流失风险用户"
"17068","5","5","5","15","高价值用户"
"17069","5","4","4","13","高价值用户"
"17070","3","2","2","7","一般用户"
"17071","5","4","4","13","高价值用户"
"17072","1","1","2","4","流失风险用户"
"17073","5","2","3","10","一般用户"
"17074","1","1","2","4","流失风险用户"
"17075","5","4","3","12","发展用户"
"17076","4","3","3","10","发展用户"
"17077","1","1","2","4","流失风险用户"
"17078","4","2","2","8","一般用户"
"17079","3","1","2","6","一般用户"
"17080","5","3","3","11","发展用户"
"17081","5","3","3","11","发展用户"
"17082","4","3","4","11","发展用户"
"17083","3","3","3","9","一般用户"
"17084","4","2","5","11","一般用户"
"17085","2","5","5","12","挽留用户"
"17086","5","3","3","11","发展用户"
"17087","1","1","2","4","流失风险用户"
"17088","5","2","3","10","一般用户"
"17089","1","1","2","4","流失风险用户"
"17090","5","4","4","13","高价值用户"
"17091","5","4","5","14","高价值用户"
"17092","4","4","4","12","高价值用户"
"17093","1","1","2","4","流失风险用户"
"17094","1","2","2","5","流失风险用户"
"17095","5","3","3","11","发展用户"
"17096","5","4","4","13","高价值用户"
"17097","5","3","3","11","发展用户"
"17098","1","2","2","5","流失风险用户"
"17099","1","1","2","4","流失风险用户"
"17100","5","2","3","10","一般用户"
"17101","5","3","4","12","发展用户"
"17102","1","1","1","3","流失风险用户"
"17103","1","1","2","4","流失风险用户"
"17104","1","1","2","4","流失风险用户"
"17105","2","2","3","7","挽留用户"
"17106","1","1","2","4","流失风险用户"
"17107","4","4","5","13","高价值用户"
"17108","1","1","2","4","流失风险用户"
"17109","5","3","3","11","发展用户"
"17110","2","2","2","6","流失风险用户"
"17111","4","2","2","8","一般用户"
"17112","1","1","2","4","流失风险用户"
"17113","1","3","3","7","挽留用户"
"17114","5","3","3","11","发展用户"
"17115","5","3","3","11","发展用户"
"17116","1","1","2","4","流失风险用户"
"17117","1","1","2","4","流失风险用户"
"17118","1","1","2","4","流失风险用户"
"17119","5","2","3","10","一般用户"
"17120","1","1","2","4","流失风险用户"
"17121","1","1","2","4","流失风险用户"
"17122","3","2","3","8","一般用户"
"17123","2","2","3","7","挽留用户"
"17124","1","1","2","4","流失风险用户"
"17125","4","1","2","7","一般用户"
"17126","2","3","3","8","挽留用户"
"17127","1","3","3","7","挽留用户"
"17128","1","1","1","3","流失风险用户"
"17129","1","1","1","3","流失风险用户"
"17131","5","3","4","12","发展用户"
"17132","1","2","3","6","挽留用户"
"17133","5","4","5","14","高价值用户"
"17134","3","2","2","7","一般用户"
"17135","5","4","3","12","发展用户"
"17136","1","1","2","4","流失风险用户"
"17137","1","3","3","7","挽留用户"
"17138","1","3","4","8","挽留用户"
"17139","5","5","5","15","高价值用户"
"17140","1","1","2","4","流失风险用户"
"17141","1","2","3","6","挽留用户"
"17142","1","2","3","6","挽留用户"
"17143","1","2","3","6","挽留用户"
"17144","5","2","3","10","一般用户"
"17145","1","2","4","7","挽留用户"
"17146","3","4","4","11","一般用户"
"17147","5","3","4","12","发展用户"
"17148","4","1","2","7","一般用户"
"17149","1","1","2","4","流失风险用户"
"17150","1","3","3","7","挽留用户"
"17151","1","1","2","4","流失风险用户"
"17152","1","2","2","5","流失风险用户"
"17153","5","1","2","8","一般用户"
"17154","3","1","2","6","一般用户"
"17155","5","3","3","11","发展用户"
"17156","1","1","3","5","挽留用户"
"17157","5","4","4","13","高价值用户"
"17158","4","3","3","10","发展用户"
"17159","5","3","3","11","发展用户"
"17160","4","4","5","13","高价值用户"
"17161","1","1","3","5","挽留用户"
"17162","5","4","3","12","发展用户"
"17163","5","2","3","10","一般用户"
"17164","4","3","4","11","发展用户"
"17165","1","3","3","7","挽留用户"
"17166","4","2","2","8","一般用户"
"17167","1","2","3","6","挽留用户"
"17168","1","1","2","4","流失风险用户"
"17169","4","2","3","9","一般用户"
"17170","1","2","2","5","流失风险用户"
"17171","1","2","2","5","流失风险用户"
"17172","3","2","3","8","一般用户"
"17173","5","3","4","12","发展用户"
"17174","1","1","1","3","流失风险用户"
"17175","4","2","3","9","一般用户"
"17176","1","2","3","6","挽留用户"
"17177","1","1","2","4","流失风险用户"
"17178","1","1","2","4","流失风险用户"
"17179","2","3","3","8","挽留用户"
"17180","4","4","4","12","高价值用户"
"17181","4","2","2","8","一般用户"
"17182","1","1","1","3","流失风险用户"
"17183","5","3","4","12","发展用户"
"17184","1","2","2","5","流失风险用户"
"17185","1","2","2","5","流失风险用户"
"17186","4","2","2","8","一般用户"
"17187","1","2","2","5","流失风险用户"
"17188","5","4","4","13","高价值用户"
"17189","3","3","3","9","一般用户"
"17190","4","3","3","10","发展用户"
"17191","5","4","4","13","高价值用户"
"17192","1","1","1","3","流失风险用户"
"17193","4","3","4","11","发展用户"
"17194","1","2","3","6","挽留用户"
"17195","1","1","3","5","挽留用户"
"17196","1","1","2","4","流失风险用户"
"17197","5","1","3","9","一般用户"
"17198","5","2","3","10","一般用户"
"17199","1","1","2","4","流失风险用户"
"17200","1","2","2","5","流失风险用户"
"17201","4","2","3","9","一般用户"
"17202","1","1","2","4","流失风险用户"
"17203","4","4","5","13","高价值用户"
"17204","2","3","5","10","挽留用户"
"17205","4","2","3","9","一般用户"
"17206","4","1","2","7","一般用户"
"17207","1","1","2","4","流失风险用户"
"17208","1","1","2","4","流失风险用户"
"17209","1","2","3","6","挽留用户"
"17210","1","1","2","4","流失风险用户"
"17211","5","4","4","13","高价值用户"
"17212","1","2","3","6","挽留用户"
"17213","4","4","4","12","高价值用户"
"17214","3","3","3","9","一般用户"
"17215","1","1","2","4","流失风险用户"
"17216","1","1","1","3","流失风险用户"
"17217","1","2","2","5","流失风险用户"
"17218","5","4","4","13","高价值用户"
"17219","4","2","2","8","一般用户"
"17220","5","5","4","14","高价值用户"
"17221","5","3","3","11","发展用户"
"17222","3","3","3","9","一般用户"
"17223","1","2","3","6","挽留用户"
"17224","1","1","1","3","流失风险用户"
"17225","1","1","2","4","流失风险用户"
"17226","1","2","3","6","挽留用户"
"17227","5","4","3","12","发展用户"
"17228","5","4","4","13","高价值用户"
"17229","3","2","2","7","一般用户"
"17230","1","4","5","10","挽留用户"
"17231","5","5","5","15","高价值用户"
"17232","5","2","2","9","一般用户"
"17233","4","2","3","9","一般用户"
"17234","1","1","2","4","流失风险用户"
"17235","5","3","3","11","发展用户"
"17236","5","4","3","12","发展用户"
"17237","5","2","3","10","一般用户"
"17238","5","5","5","15","高价值用户"
"17239","1","2","3","6","挽留用户"
"17240","1","1","2","4","流失风险用户"
"17241","1","4","3","8","挽留用户"
"17242","3","3","3","9","一般用户"
"17243","5","5","5","15","高价值用户"
"17244","4","3","3","10","发展用户"
"17245","1","2","2","5","流失风险用户"
"17246","1","2","1","4","流失风险用户"
"17247","5","1","2","8","一般用户"
"17248","2","2","2","6","流失风险用户"
"17249","1","1","1","3","流失风险用户"
"17250","5","2","2","9","一般用户"
"17251","1","2","3","6","挽留用户"
"17252","1","1","2","4","流失风险用户"
"17253","5","1","2","8","一般用户"
"17254","5","2","2","9","一般用户"
"17255","4","2","3","9","一般用户"
"17256","3","3","2","8","一般用户"
"17257","1","1","1","3","流失风险用户"
"17258","1","2","2","5","流失风险用户"
"17259","2","3","3","8","挽留用户"
"17260","1","1","1","3","流失风险用户"
"17261","1","1","2","4","流失风险用户"
"17262","4","3","4","11","发展用户"
"17263","1","1","1","3","流失风险用户"
"17264","1","1","2","4","流失风险用户"
"17265","2","2","3","7","挽留用户"
"17266","5","3","2","10","发展用户"
"17267","2","1","2","5","流失风险用户"
"17268","3","4","3","10","一般用户"
"17269","1","1","2","4","流失风险用户"
"17270","1","2","2","5","流失风险用户"
"17271","1","1","2","4","流失风险用户"
"17272","4","2","4","10","一般用户"
"17273","1","1","2","4","流失风险用户"
"17274","4","2","3","9","一般用户"
"17275","1","1","2","4","流失风险用户"
"17276","1","1","2","4","流失风险用户"
"17277","1","2","3","6","挽留用户"
"17278","1","2","2","5","流失风险用户"
"17279","4","1","2","7","一般用户"
"17280","1","1","2","4","流失风险用户"
"17281","1","3","3","7","挽留用户"
"17282","2","3","4","9","挽留用户"
"17283","1","1","2","4","流失风险用户"
"17284","3","3","4","10","一般用户"
"17285","1","2","2","5","流失风险用户"
"17286","5","2","2","9","一般用户"
"17287","5","5","4","14","高价值用户"
"17288","5","4","4","13","高价值用户"
"17289","4","3","3","10","发展用户"
"17290","5","3","3","11","发展用户"
"17291","1","1","3","5","挽留用户"
"17292","1","2","2","5","流失风险用户"
"17293","5","4","4","13","高价值用户"
"17294","1","2","2","5","流失风险用户"
"17295","5","2","3","10","一般用户"
"17296","1","1","2","4","流失风险用户"
"17297","5","1","2","8","一般用户"
"17298","3","3","3","9","一般用户"
"17299","5","3","3","11","发展用户"
"17300","1","2","2","5","流失风险用户"
"17301","5","2","2","9","一般用户"
"17302","5","3","3","11","发展用户"
"17303","1","1","2","4","流失风险用户"
"17304","1","1","2","4","流失风险用户"
"17305","1","1","4","6","挽留用户"
"17306","5","5","5","15","高价值用户"
"17307","1","4","4","9","挽留用户"
"17308","1","2","4","7","挽留用户"
"17309","3","2","2","7","一般用户"
"17310","1","2","3","6","挽留用户"
"17311","3","3","4","10","一般用户"
"17312","2","2","3","7","挽留用户"
"17313","4","1","4","9","一般用户"
"17314","5","4","4","13","高价值用户"
"17315","5","5","5","15","高价值用户"
"17316","1","1","2","4","流失风险用户"
"17317","4","2","4","10","一般用户"
"17318","1","1","2","4","流失风险用户"
"17320","3","3","4","10","一般用户"
"17321","5","3","3","11","发展用户"
"17322","1","3","3","7","挽留用户"
"17323","5","4","3","12","发展用户"
"17324","5","4","4","13","高价值用户"
"17325","1","2","3","6","挽留用户"
"17326","1","2","2","5","流失风险用户"
"17327","1","2","2","5","流失风险用户"
"17328","1","1","2","4","流失风险用户"
"17329","5","3","3","11","发展用户"
"17330","5","2","2","9","一般用户"
"17331","2","1","2","5","流失风险用户"
"17332","1","3","3","7","挽留用户"
"17333","3","1","2","6","一般用户"
"17334","1","2","3","6","挽留用户"
"17335","1","2","2","5","流失风险用户"
"17336","1","1","1","3","流失风险用户"
"17337","2","2","3","7","挽留用户"
"17338","5","4","5","14","高价值用户"
"17339","3","2","2","7","一般用户"
"17340","5","4","5","14","高价值用户"
"17341","2","2","3","7","挽留用户"
"17342","1","2","3","6","挽留用户"
"17343","1","3","3","7","挽留用户"
"17344","4","2","2","8","一般用户"
"17345","5","4","3","12","发展用户"
"17346","5","5","4","14","高价值用户"
"17347","3","1","2","6","一般用户"
"17348","5","3","4","12","发展用户"
"17349","2","3","3","8","挽留用户"
"17350","5","3","3","11","发展用户"
"17351","4","4","3","11","发展用户"
"17352","1","1","1","3","流失风险用户"
"17353","2","2","4","8","挽留用户"
"17354","4","2","4","10","一般用户"
"17355","1","1","2","4","流失风险用户"
"17356","1","3","3","7","挽留用户"
"17357","5","2","2","9","一般用户"
"17358","1","3","3","7","挽留用户"
"17359","5","2","2","9","一般用户"
"17360","5","3","3","11","发展用户"
"17361","4","3","3","10","发展用户"
"17362","1","3","3","7","挽留用户"
"17363","1","2","3","6","挽留用户"
"17364","5","5","5","15","高价值用户"
"17365","5","4","5","14","高价值用户"
"17366","1","2","3","6","挽留用户"
"17367","1","1","2","4","流失风险用户"
"17368","5","4","3","12","发展用户"
"17369","1","1","3","5","挽留用户"
"17370","3","2","2","7","一般用户"
"17371","5","3","3","11","发展用户"
"17372","4","5","4","13","高价值用户"
"17373","4","3","3","10","发展用户"
"17374","1","2","3","6","挽留用户"
"17375","1","2","3","6","挽留用户"
"17376","3","2","2","7","一般用户"
"17377","5","5","5","15","高价值用户"
"17378","1","1","1","3","流失风险用户"
"17379","5","1","2","8","一般用户"
"17380","1","2","3","6","挽留用户"
"17381","5","5","5","15","高价值用户"
"17382","3","3","2","8","一般用户"
"17383","5","2","2","9","一般用户"
"17384","5","2","2","9","一般用户"
"17385","5","1","2","8","一般用户"
"17386","5","3","4","12","发展用户"
"17387","5","2","3","10","一般用户"
"17388","3","4","4","11","一般用户"
"17389","5","5","5","15","高价值用户"
"17390","1","1","2","4","流失风险用户"
"17391","2","2","3","7","挽留用户"
"17392","1","2","3","6","挽留用户"
"17393","1","2","2","5","流失风险用户"
"17394","1","1","2","4","流失风险用户"
"17395","1","1","1","3","流失风险用户"
"17396","4","4","5","13","高价值用户"
"17397","5","2","3","10","一般用户"
"17398","3","2","3","8","一般用户"
"17400","2","3","4","9","挽留用户"
"17401","1","1","2","4","流失风险用户"
"17402","5","5","5","15","高价值用户"
"17403","4","2","2","8","一般用户"
"17404","5","5","5","15","高价值用户"
"17405","5","2","3","10","一般用户"
"17406","1","4","4","9","挽留用户"
"17407","1","1","3","5","挽留用户"
"17408","2","2","2","6","流失风险用户"
"17409","1","4","5","10","挽留用户"
"17410","5","3","3","11","发展用户"
"17411","5","3","3","11","发展用户"
"17412","5","4","4","13","高价值用户"
"17413","1","2","2","5","流失风险用户"
"17414","4","3","4","11","发展用户"
"17415","3","1","3","7","一般用户"
"17416","5","5","5","15","高价值用户"
"17417","1","1","2","4","流失风险用户"
"17418","4","2","3","9","一般用户"
"17419","5","4","5","14","高价值用户"
"17420","4","3","3","10","发展用户"
"17421","1","2","3","6","挽留用户"
"17422","5","4","4","13","高价值用户"
"17423","4","2","3","9","一般用户"
"17425","5","2","3","10","一般用户"
"17426","5","4","5","14","高价值用户"
"17427","3","1","2","6","一般用户"
"17428","5","5","5","15","高价值用户"
"17429","2","3","3","8","挽留用户"
"17430","4","2","3","9","一般用户"
"17431","1","1","2","4","流失风险用户"
"17432","5","3","3","11","发展用户"
"17433","3","2","3","8","一般用户"
"17434","5","3","4","12","发展用户"
"17435","1","1","2","4","流失风险用户"
"17436","5","2","2","9","一般用户"
"17437","1","1","2","4","流失风险用户"
"17438","1","2","3","6","挽留用户"
"17439","1","1","2","4","流失风险用户"
"17440","2","2","2","6","流失风险用户"
"17441","1","1","2","4","流失风险用户"
"17442","4","4","4","12","高价值用户"
"17443","1","1","3","5","挽留用户"
"17444","2","2","4","8","挽留用户"
"17446","2","2","2","6","流失风险用户"
"17447","4","2","3","9","一般用户"
"17448","1","5","5","11","挽留用户"
"17449","5","4","4","13","高价值用户"
"17450","5","5","5","15","高价值用户"
"17451","5","3","3","11","发展用户"
"17453","5","2","2","9","一般用户"
"17454","1","4","3","8","挽留用户"
"17455","1","1","2","4","流失风险用户"
"17456","1","2","3","6","挽留用户"
"17457","2","4","4","10","挽留用户"
"17458","5","2","3","10","一般用户"
"17459","4","2","3","9","一般用户"
"17460","3","4","3","10","一般用户"
"17461","5","2","3","10","一般用户"
"17462","3","2","3","8","一般用户"
"17463","5","3","4","12","发展用户"
"17464","2","2","3","7","挽留用户"
"17465","1","3","4","8","挽留用户"
"17466","5","2","3","10","一般用户"
"17467","1","1","2","4","流失风险用户"
"17468","5","2","2","9","一般用户"
"17469","5","4","4","13","高价值用户"
"17470","4","4","4","12","高价值用户"
"17471","1","1","2","4","流失风险用户"
"17472","1","2","3","6","挽留用户"
"17473","1","2","3","6","挽留用户"
"17474","1","1","3","5","挽留用户"
"17475","3","1","2","6","一般用户"
"17476","1","2","2","5","流失风险用户"
"17477","1","2","3","6","挽留用户"
"17478","1","2","3","6","挽留用户"
"17479","1","1","2","4","流失风险用户"
"17480","3","2","3","8","一般用户"
"17481","5","2","3","10","一般用户"
"17482","1","2","3","6","挽留用户"
"17483","3","2","3","8","一般用户"
"17484","1","2","2","5","流失风险用户"
"17486","1","1","2","4","流失风险用户"
"17487","1","1","2","4","流失风险用户"
"17488","1","1","2","4","流失风险用户"
"17489","4","2","2","8","一般用户"
"17490","5","3","4","12","发展用户"
"17491","5","4","5","14","高价值用户"
"17492","1","2","3","6","挽留用户"
"17493","1","1","1","3","流失风险用户"
"17494","1","1","1","3","流失风险用户"
"17495","5","2","3","10","一般用户"
"17496","1","2","3","6","挽留用户"
"17497","1","2","2","5","流失风险用户"
"17498","3","1","2","6","一般用户"
"17499","1","2","3","6","挽留用户"
"17500","5","2","3","10","一般用户"
"17501","1","2","2","5","流失风险用户"
"17502","5","2","3","10","一般用户"
"17503","5","2","3","10","一般用户"
"17504","1","4","5","10","挽留用户"
"17505","2","3","4","9","挽留用户"
"17506","3","1","2","6","一般用户"
"17507","1","2","3","6","挽留用户"
"17508","1","3","4","8","挽留用户"
"17509","4","3","5","12","发展用户"
"17510","5","2","3","10","一般用户"
"17511","5","5","5","15","高价值用户"
"17512","5","4","5","14","高价值用户"
"17513","3","2","3","8","一般用户"
"17514","2","2","2","6","流失风险用户"
"17515","4","3","3","10","发展用户"
"17516","5","3","3","11","发展用户"
"17517","1","1","2","4","流失风险用户"
"17518","1","2","2","5","流失风险用户"
"17519","5","4","4","13","高价值用户"
"17520","4","1","2","7","一般用户"
"17521","5","3","3","11","发展用户"
"17522","5","3","3","11","发展用户"
"17523","5","2","3","10","一般用户"
"17524","1","2","3","6","挽留用户"
"17525","1","2","3","6","挽留用户"
"17526","5","4","4","13","高价值用户"
"17527","4","2","3","9","一般用户"
"17528","5","3","4","12","发展用户"
"17529","1","2","3","6","挽留用户"
"17530","5","4","4","13","高价值用户"
"17531","1","2","3","6","挽留用户"
"17532","1","1","1","3","流失风险用户"
"17533","1","1","1","3","流失风险用户"
"17534","4","3","3","10","发展用户"
"17535","1","1","2","4","流失风险用户"
"17536","1","2","2","5","流失风险用户"
"17537","5","2","3","10","一般用户"
"17538","5","1","1","7","一般用户"
"17539","1","2","3","6","挽留用户"
"17540","5","3","3","11","发展用户"
"17541","1","1","1","3","流失风险用户"
"17542","1","2","2","5","流失风险用户"
"17543","1","1","2","4","流失风险用户"
"17544","1","2","3","6","挽留用户"
"17545","4","3","3","10","发展用户"
"17547","1","2","3","6","挽留用户"
"17548","1","2","3","6","挽留用户"
"17549","5","2","2","9","一般用户"
"17550","1","3","3","7","挽留用户"
"17551","1","1","2","4","流失风险用户"
"17552","3","4","4","11","一般用户"
"17553","2","2","4","8","挽留用户"
"17554","5","3","3","11","发展用户"
"17555","5","3","3","11","发展用户"
"17556","1","2","2","5","流失风险用户"
"17557","5","2","2","9","一般用户"
"17558","1","1","2","4","流失风险用户"
"17559","1","1","2","4","流失风险用户"
"17560","3","3","3","9","一般用户"
"17561","5","2","3","10","一般用户"
"17562","5","3","3","11","发展用户"
"17563","1","2","2","5","流失风险用户"
"17564","5","2","2","9","一般用户"
"17565","1","1","2","4","流失风险用户"
"17566","5","2","3","10","一般用户"
"17567","5","3","5","13","发展用户"
"17568","1","1","2","4","流失风险用户"
"17569","1","1","2","4","流失风险用户"
"17571","4","3","3","10","发展用户"
"17572","3","4","3","10","一般用户"
"17573","5","2","2","9","一般用户"
"17574","1","1","2","4","流失风险用户"
"17575","1","1","2","4","流失风险用户"
"17576","5","5","5","15","高价值用户"
"17577","1","2","2","5","流失风险用户"
"17578","1","3","3","7","挽留用户"
"17579","5","2","3","10","一般用户"
"17580","1","3","2","6","挽留用户"
"17581","5","5","5","15","高价值用户"
"17582","1","3","3","7","挽留用户"
"17583","1","1","1","3","流失风险用户"
"17584","5","3","4","12","发展用户"
"17585","3","3","3","9","一般用户"
"17586","1","1","2","4","流失风险用户"
"17587","1","1","2","4","流失风险用户"
"17588","3","3","4","10","一般用户"
"17589","3","4","5","12","一般用户"
"17590","5","2","3","10","一般用户"
"17591","3","3","4","10","一般用户"
"17593","5","4","5","14","高价值用户"
"17594","3","2","4","9","一般用户"
"17595","5","2","2","9","一般用户"
"17596","5","4","4","13","高价值用户"
"17597","1","3","4","8","挽留用户"
"17598","1","1","2","4","流失风险用户"
"17599","1","1","1","3","流失风险用户"
"17600","5","1","2","8","一般用户"
"17601","1","2","2","5","流失风险用户"
"17602","5","4","5","14","高价值用户"
"17603","3","2","3","8","一般用户"
"17604","1","3","3","7","挽留用户"
"17605","1","1","2","4","流失风险用户"
"17606","1","1","1","3","流失风险用户"
"17607","1","1","2","4","流失风险用户"
"17608","4","2","2","8","一般用户"
"17609","4","4","3","11","发展用户"
"17610","1","3","3","7","挽留用户"
"17611","5","5","5","15","高价值用户"
"17612","4","4","4","12","高价值用户"
"17613","5","4","4","13","高价值用户"
"17614","4","1","2","7","一般用户"
"17615","2","3","3","8","挽留用户"
"17617","1","1","2","4","流失风险用户"
"17618","5","4","4","13","高价值用户"
"17619","1","1","2","4","流失风险用户"
"17620","4","1","1","6","一般用户"
"17621","5","3","4","12","发展用户"
"17622","1","2","3","6","挽留用户"
"17623","4","3","4","11","发展用户"
"17624","5","2","3","10","一般用户"
"17625","5","3","4","12","发展用户"
"17626","1","1","2","4","流失风险用户"
"17627","1","1","2","4","流失风险用户"
"17628","3","1","1","5","一般用户"
"17629","5","4","4","13","高价值用户"
"17630","2","2","2","6","流失风险用户"
"17631","5","3","3","11","发展用户"
"17633","4","3","3","10","发展用户"
"17634","4","3","4","11","发展用户"
"17635","1","2","3","6","挽留用户"
"17636","5","1","2","8","一般用户"
"17637","4","2","3","9","一般用户"
"17638","1","2","3","6","挽留用户"
"17639","1","3","3","7","挽留用户"
"17640","3","3","4","10","一般用户"
"17642","3","3","3","9","一般用户"
"17643","1","2","3","6","挽留用户"
"17644","5","5","5","15","高价值用户"
"17646","1","4","4","9","挽留用户"
"17647","3","2","2","7","一般用户"
"17648","3","3","4","10","一般用户"
"17649","2","2","3","7","挽留用户"
"17650","5","1","2","8","一般用户"
"17651","5","4","5","14","高价值用户"
"17652","5","4","4","13","高价值用户"
"17653","4","2","3","9","一般用户"
"17654","1","1","2","4","流失风险用户"
"17655","5","3","4","12","发展用户"
"17656","3","3","3","9","一般用户"
"17657","1","1","2","4","流失风险用户"
"17658","5","2","2","9","一般用户"
"17659","5","4","4","13","高价值用户"
"17660","2","2","2","6","流失风险用户"
"17662","1","2","2","5","流失风险用户"
"17663","5","4","4","13","高价值用户"
"17664","5","2","3","10","一般用户"
"17665","1","1","3","5","挽留用户"
"17666","5","3","3","11","发展用户"
"17667","3","3","4","10","一般用户"
"17668","5","2","2","9","一般用户"
"17669","4","4","4","12","高价值用户"
"17670","1","1","2","4","流失风险用户"
"17671","5","3","4","12","发展用户"
"17672","4","3","5","12","发展用户"
"17673","5","4","4","13","高价值用户"
"17674","3","2","3","8","一般用户"
"17675","5","5","5","15","高价值用户"
"17676","5","4","4","13","高价值用户"
"17677","5","5","5","15","高价值用户"
"17678","1","2","3","6","挽留用户"
"17679","4","3","4","11","发展用户"
"17680","5","2","2","9","一般用户"
"17681","1","3","3","7","挽留用户"
"17682","5","4","4","13","高价值用户"
"17683","1","2","3","6","挽留用户"
"17684","4","1","2","7","一般用户"
"17685","5","4","4","13","高价值用户"
"17686","5","3","5","13","发展用户"
"17687","1","1","2","4","流失风险用户"
"17688","1","1","2","4","流失风险用户"
"17689","1","2","2","5","流失风险用户"
"17690","4","5","5","14","高价值用户"
"17691","1","2","3","6","挽留用户"
"17692","2","4","4","10","挽留用户"
"17693","2","1","2","5","流失风险用户"
"17694","2","2","3","7","挽留用户"
"17695","2","3","3","8","挽留用户"
"17696","4","5","5","14","高价值用户"
"17697","1","1","2","4","流失风险用户"
"17698","1","1","2","4","流失风险用户"
"17699","1","2","2","5","流失风险用户"
"17700","5","4","4","13","高价值用户"
"17701","1","1","2","4","流失风险用户"
"17702","4","3","4","11","发展用户"
"17703","4","2","3","9","一般用户"
"17704","2","2","3","7","挽留用户"
"17705","5","4","3","12","发展用户"
"17706","5","5","5","15","高价值用户"
"17707","1","3","3","7","挽留用户"
"17708","1","2","3","6","挽留用户"
"17709","2","3","3","8","挽留用户"
"17710","1","1","2","4","流失风险用户"
"17711","5","2","2","9","一般用户"
"17712","4","1","2","7","一般用户"
"17713","1","2","3","6","挽留用户"
"17714","1","3","3","7","挽留用户"
"17716","5","5","5","15","高价值用户"
"17717","1","1","2","4","流失风险用户"
"17718","1","2","2","5","流失风险用户"
"17719","4","4","5","13","高价值用户"
"17720","5","4","4","13","高价值用户"
"17721","1","1","2","4","流失风险用户"
"17722","3","3","4","10","一般用户"
"17723","2","3","4","9","挽留用户"
"17724","3","2","3","8","一般用户"
"17725","5","4","4","13","高价值用户"
"17726","1","3","3","7","挽留用户"
"17727","5","1","3","9","一般用户"
"17728","5","3","4","12","发展用户"
"17729","1","1","2","4","流失风险用户"
"17730","5","5","5","15","高价值用户"
"17731","3","3","3","9","一般用户"
"17732","1","3","4","8","挽留用户"
"17733","4","2","3","9","一般用户"
"17734","4","3","3","10","发展用户"
"17735","5","5","5","15","高价值用户"
"17736","5","2","2","9","一般用户"
"17737","5","2","2","9","一般用户"
"17738","5","4","4","13","高价值用户"
"17739","5","4","5","14","高价值用户"
"17740","1","2","2","5","流失风险用户"
"17741","1","2","1","4","流失风险用户"
"17742","3","4","3","10","一般用户"
"17743","1","1","2","4","流失风险用户"
"17744","5","3","4","12","发展用户"
"17745","1","2","3","6","挽留用户"
"17746","1","2","3","6","挽留用户"
"17747","3","1","1","5","一般用户"
"17748","1","1","2","4","流失风险用户"
"17749","2","2","3","7","挽留用户"
"17750","5","3","3","11","发展用户"
"17751","1","1","2","4","流失风险用户"
"17752","1","1","1","3","流失风险用户"
"17753","1","2","2","5","流失风险用户"
"17754","5","4","4","13","高价值用户"
"17756","1","2","3","6","挽留用户"
"17757","5","5","5","15","高价值用户"
"17758","5","4","4","13","高价值用户"
"17759","5","3","3","11","发展用户"
"17760","5","3","3","11","发展用户"
"17761","4","1","3","8","一般用户"
"17762","1","1","2","4","流失风险用户"
"17763","1","2","1","4","流失风险用户"
"17764","4","3","3","10","发展用户"
"17765","2","2","3","7","挽留用户"
"17766","1","2","2","5","流失风险用户"
"17767","5","2","2","9","一般用户"
"17768","5","3","4","12","发展用户"
"17769","5","4","5","14","高价值用户"
"17770","1","3","3","7","挽留用户"
"17771","4","2","2","8","一般用户"
"17772","5","2","2","9","一般用户"
"17773","1","2","2","5","流失风险用户"
"17774","3","3","4","10","一般用户"
"17775","1","1","1","3","流失风险用户"
"17776","1","2","2","5","流失风险用户"
"17777","5","2","3","10","一般用户"
"17778","1","1","2","4","流失风险用户"
"17779","5","2","3","10","一般用户"
"17780","1","2","2","5","流失风险用户"
"17781","2","2","2","6","流失风险用户"
"17782","1","2","3","6","挽留用户"
"17783","3","2","2","7","一般用户"
"17784","1","1","1","3","流失风险用户"
"17785","4","2","2","8","一般用户"
"17786","3","2","2","7","一般用户"
"17787","2","2","4","8","挽留用户"
"17788","3","2","3","8","一般用户"
"17789","1","2","2","5","流失风险用户"
"17790","5","5","4","14","高价值用户"
"17791","5","1","2","8","一般用户"
"17792","1","2","2","5","流失风险用户"
"17793","5","1","2","8","一般用户"
"17794","1","2","2","5","流失风险用户"
"17795","2","2","2","6","流失风险用户"
"17796","4","3","3","10","发展用户"
"17797","5","3","3","11","发展用户"
"17798","1","1","2","4","流失风险用户"
"17799","5","5","5","15","高价值用户"
"17800","4","3","3","10","发展用户"
"17801","1","2","2","5","流失风险用户"
"17802","3","4","4","11","一般用户"
"17803","1","1","2","4","流失风险用户"
"17804","1","2","2","5","流失风险用户"
"17805","3","1","2","6","一般用户"
"17806","5","1","2","8","一般用户"
"17807","1","2","2","5","流失风险用户"
"17808","1","2","2","5","流失风险用户"
"17809","5","4","5","14","高价值用户"
"17810","1","2","2","5","流失风险用户"
"17811","5","5","5","15","高价值用户"
"17812","5","3","3","11","发展用户"
"17813","5","3","3","11","发展用户"
"17814","1","2","3","6","挽留用户"
"17815","1","1","3","5","挽留用户"
"17816","4","3","2","9","发展用户"
"17817","5","3","3","11","发展用户"
"17818","1","1","1","3","流失风险用户"
"17819","3","4","5","12","一般用户"
"17820","1","1","2","4","流失风险用户"
"17821","1","1","2","4","流失风险用户"
"17822","1","3","3","7","挽留用户"
"17823","1","2","2","5","流失风险用户"
"17824","4","1","2","7","一般用户"
"17825","1","2","3","6","挽留用户"
"17826","1","1","2","4","流失风险用户"
"17827","5","3","4","12","发展用户"
"17828","5","2","3","10","一般用户"
"17829","1","3","4","8","挽留用户"
"17830","5","2","2","9","一般用户"
"17831","4","1","1","6","一般用户"
"17832","4","1","2","7","一般用户"
"17833","1","1","2","4","流失风险用户"
"17834","1","2","3","6","挽留用户"
"17835","5","2","2","9","一般用户"
"17836","4","1","1","6","一般用户"
"17837","4","3","3","10","发展用户"
"17838","5","4","5","14","高价值用户"
"17839","4","1","2","7","一般用户"
"17840","1","1","2","4","流失风险用户"
"17841","5","5","5","15","高价值用户"
"17842","1","1","2","4","流失风险用户"
"17843","1","2","2","5","流失风险用户"
"17844","3","1","1","5","一般用户"
"17845","1","2","3","6","挽留用户"
"17847","1","2","2","5","流失风险用户"
"17848","3","5","4","12","一般用户"
"17849","1","3","3","7","挽留用户"
"17850","1","5","5","11","挽留用户"
"17851","1","3","3","7","挽留用户"
"17852","5","3","2","10","发展用户"
"17853","1","2","3","6","挽留用户"
"17854","1","3","3","7","挽留用户"
"17855","1","1","2","4","流失风险用户"
"17856","5","2","3","10","一般用户"
"17857","5","5","5","15","高价值用户"
"17858","5","5","5","15","高价值用户"
"17859","1","1","2","4","流失风险用户"
"17860","1","2","3","6","挽留用户"
"17861","5","4","4","13","高价值用户"
"17862","1","2","3","6","挽留用户"
"17863","4","4","5","13","高价值用户"
"17864","5","3","3","11","发展用户"
"17865","4","5","5","14","高价值用户"
"17866","2","2","3","7","挽留用户"
"17867","4","4","3","11","发展用户"
"17868","1","1","2","4","流失风险用户"
"17869","3","3","3","9","一般用户"
"17870","5","4","4","13","高价值用户"
"17871","1","3","3","7","挽留用户"
"17872","1","1","2","4","流失风险用户"
"17873","3","4","5","12","一般用户"
"17874","1","3","3","7","挽留用户"
"17875","1","1","2","4","流失风险用户"
"17876","1","2","4","7","挽留用户"
"17877","2","1","2","5","流失风险用户"
"17878","4","2","3","9","一般用户"
"17879","2","1","2","5","流失风险用户"
"17880","1","2","3","6","挽留用户"
"17881","1","1","1","3","流失风险用户"
"17882","1","2","2","5","流失风险用户"
"17883","5","3","3","11","发展用户"
"17884","5","4","4","13","高价值用户"
"17885","5","1","2","8","一般用户"
"17886","4","3","3","10","发展用户"
"17887","2","1","1","4","流失风险用户"
"17888","5","5","3","13","发展用户"
"17889","1","3","3","7","挽留用户"
"17890","1","2","3","6","挽留用户"
"17891","2","1","2","5","流失风险用户"
"17892","4","2","2","8","一般用户"
"17893","1","1","2","4","流失风险用户"
"17894","3","4","3","10","一般用户"
"17895","4","1","1","6","一般用户"
"17896","5","1","2","8","一般用户"
"17897","2","3","3","8","挽留用户"
"17898","3","2","2","7","一般用户"
"17899","2","1","2","5","流失风险用户"
"17900","1","2","1","4","流失风险用户"
"17901","5","2","2","9","一般用户"
"17902","1","1","2","4","流失风险用户"
"17903","1","1","2","4","流失风险用户"
"17904","5","1","2","8","一般用户"
"17905","2","4","3","9","挽留用户"
"17906","1","1","1","3","流失风险用户"
"17907","1","1","1","3","流失风险用户"
"17908","1","3","3","7","挽留用户"
"17909","1","1","1","3","流失风险用户"
"17910","1","1","2","4","流失风险用户"
"17911","5","1","2","8","一般用户"
"17912","1","3","2","6","挽留用户"
"17913","4","4","4","12","高价值用户"
"17914","5","1","2","8","一般用户"
"17915","1","1","2","4","流失风险用户"
"17916","1","2","1","4","流失风险用户"
"17917","4","2","2","8","一般用户"
"17918","1","2","2","5","流失风险用户"
"17919","3","2","3","8","一般用户"
"17920","5","5","5","15","高价值用户"
"17921","3","4","4","11","一般用户"
"17922","1","1","2","4","流失风险用户"
"17923","1","2","2","5","流失风险用户"
"17924","5","3","4","12","发展用户"
"17925","1","1","2","4","流失风险用户"
"17926","2","3","3","8","挽留用户"
"17927","1","1","2","4","流失风险用户"
"17928","4","2","2","8","一般用户"
"17929","5","4","4","13","高价值用户"
"17930","4","4","4","12","高价值用户"
"17931","2","4","4","10","挽留用户"
"17932","5","2","3","10","一般用户"
"17933","1","1","1","3","流失风险用户"
"17934","4","2","3","9","一般用户"
"17935","2","3","3","8","挽留用户"
"17936","5","1","2","8","一般用户"
"17937","5","3","4","12","发展用户"
"17938","1","1","2","4","流失风险用户"
"17939","2","1","1","4","流失风险用户"
"17940","4","4","5","13","高价值用户"
"17941","2","2","3","7","挽留用户"
"17942","5","1","1","7","一般用户"
"17944","1","1","1","3","流失风险用户"
"17945","1","2","2","5","流失风险用户"
"17946","1","2","2","5","流失风险用户"
"17947","4","1","2","7","一般用户"
"17948","2","1","2","5","流失风险用户"
"17949","5","5","5","15","高价值用户"
"17950","3","3","3","9","一般用户"
"17951","4","2","3","9","一般用户"
"17952","1","2","3","6","挽留用户"
"17953","1","1","2","4","流失风险用户"
"17954","5","4","4","13","高价值用户"
"17955","1","3","3","7","挽留用户"
"17956","1","1","1","3","流失风险用户"
"17957","3","1","2","6","一般用户"
"17958","3","2","3","8","一般用户"
"17959","1","1","2","4","流失风险用户"
"17960","2","2","2","6","流失风险用户"
"17961","5","5","4","14","高价值用户"
"17962","2","2","3","7","挽留用户"
"17963","1","2","3","6","挽留用户"
"17964","4","2","3","9","一般用户"
"17965","4","5","5","14","高价值用户"
"17966","4","3","3","10","发展用户"
"17967","1","2","2","5","流失风险用户"
"17968","1","2","3","6","挽留用户"
"17969","2","5","3","10","挽留用户"
"17970","1","1","2","4","流失风险用户"
"17971","1","1","2","4","流失风险用户"
"17972","1","1","2","4","流失风险用户"
"17973","4","1","2","7","一般用户"
"17974","5","3","3","11","发展用户"
"17975","5","5","5","15","高价值用户"
"17976","1","1","2","4","流失风险用户"
"17977","5","2","3","10","一般用户"
"17978","1","2","3","6","挽留用户"
"17979","4","2","3","9","一般用户"
"17980","2","2","3","7","挽留用户"
"17981","1","1","2","4","流失风险用户"
"17982","1","1","2","4","流失风险用户"
"17983","1","1","2","4","流失风险用户"
"17984","2","3","3","8","挽留用户"
"17985","5","1","2","8","一般用户"
"17986","4","1","1","6","一般用户"
"17987","1","3","3","7","挽留用户"
"17988","5","4","2","11","发展用户"
"17989","1","1","2","4","流失风险用户"
"17990","1","3","3","7","挽留用户"
"17991","1","2","2","5","流失风险用户"
"17992","1","1","2","4","流失风险用户"
"17993","1","1","2","4","流失风险用户"
"17994","2","4","3","9","挽留用户"
"17995","1","2","2","5","流失风险用户"
"17996","1","2","2","5","流失风险用户"
"17997","3","3","3","9","一般用户"
"17998","1","2","3","6","挽留用户"
"17999","4","2","3","9","一般用户"
"18000","1","1","2","4","流失风险用户"
"18001","5","3","3","11","发展用户"
"18002","1","2","2","5","流失风险用户"
"18003","1","1","2","4","流失风险用户"
"18004","1","1","2","4","流失风险用户"
"18005","5","2","2","9","一般用户"
"18006","5","2","3","10","一般用户"
"18007","1","1","2","4","流失风险用户"
"18008","3","5","5","13","一般用户"
"18009","1","3","3","7","挽留用户"
"18010","1","1","2","4","流失风险用户"
"18011","1","2","2","5","流失风险用户"
"18012","1","1","1","3","流失风险用户"
"18013","2","2","2","6","流失风险用户"
"18014","5","1","2","8","一般用户"
"18015","5","1","2","8","一般用户"
"18016","4","3","3","10","发展用户"
"18018","3","2","2","7","一般用户"
"18019","4","1","1","6","一般用户"
"18020","1","1","2","4","流失风险用户"
"18021","1","2","2","5","流失风险用户"
"18022","4","3","3","10","发展用户"
"18024","2","2","2","6","流失风险用户"
"18025","1","3","3","7","挽留用户"
"18026","1","2","4","7","挽留用户"
"18027","3","1","2","6","一般用户"
"18028","1","1","1","3","流失风险用户"
"18029","1","1","2","4","流失风险用户"
"18030","5","2","2","9","一般用户"
"18031","1","1","2","4","流失风险用户"
"18032","1","1","1","3","流失风险用户"
"18033","3","1","1","5","一般用户"
"18034","5","2","3","10","一般用户"
"18035","4","3","3","10","发展用户"
"18036","4","4","3","11","发展用户"
"18037","2","4","2","8","挽留用户"
"18038","1","1","2","4","流失风险用户"
"18039","1","2","3","6","挽留用户"
"18040","5","2","2","9","一般用户"
"18041","5","5","5","15","高价值用户"
"18042","4","2","2","8","一般用户"
"18043","5","2","3","10","一般用户"
"18044","5","4","4","13","高价值用户"
"18045","4","1","2","7","一般用户"
"18046","1","1","2","4","流失风险用户"
"18047","1","2","2","5","流失风险用户"
"18048","1","2","2","5","流失风险用户"
"18049","1","2","2","5","流失风险用户"
"18050","1","2","2","5","流失风险用户"
"18051","1","3","4","8","挽留用户"
"18052","1","1","5","7","挽留用户"
"18053","3","2","3","8","一般用户"
"18054","1","1","2","4","流失风险用户"
"18055","5","4","5","14","高价值用户"
"18056","1","2","3","6","挽留用户"
"18057","1","2","3","6","挽留用户"
"18058","5","2","2","9","一般用户"
"18059","5","2","2","9","一般用户"
"18060","1","2","3","6","挽留用户"
"18061","5","5","5","15","高价值用户"
"18062","2","3","3","8","挽留用户"
"18063","1","2","2","5","流失风险用户"
"18064","2","3","4","9","挽留用户"
"18065","5","5","4","14","高价值用户"
"18066","3","2","3","8","一般用户"
"18067","4","1","2","7","一般用户"
"18068","1","1","2","4","流失风险用户"
"18069","5","4","4","13","高价值用户"
"18070","1","1","2","4","流失风险用户"
"18071","1","3","3","7","挽留用户"
"18072","1","1","2","4","流失风险用户"
"18073","3","4","4","11","一般用户"
"18074","1","2","3","6","挽留用户"
"18075","5","5","5","15","高价值用户"
"18076","1","1","2","4","流失风险用户"
"18077","5","4","4","13","高价值用户"
"18078","1","2","3","6","挽留用户"
"18079","4","3","4","11","发展用户"
"18080","5","2","3","10","一般用户"
"18081","4","2","2","8","一般用户"
"18082","5","1","3","9","一般用户"
"18083","1","1","2","4","流失风险用户"
"18084","5","2","3","10","一般用户"
"18085","1","2","3","6","挽留用户"
"18086","1","1","2","4","流失风险用户"
"18087","1","4","5","10","挽留用户"
"18088","3","1","2","6","一般用户"
"18089","1","1","2","4","流失风险用户"
"18090","1","1","2","4","流失风险用户"
"18091","1","1","2","4","流失风险用户"
"18092","5","4","5","14","高价值用户"
"18093","3","3","4","10","一般用户"
"18094","3","4","5","12","一般用户"
"18095","1","3","4","8","挽留用户"
"18096","5","3","3","11","发展用户"
"18097","5","4","4","13","高价值用户"
"18098","1","1","2","4","流失风险用户"
"18099","2","1","2","5","流失风险用户"
"18100","1","1","2","4","流失风险用户"
"18101","5","3","2","10","发展用户"
"18102","5","5","5","15","高价值用户"
"18103","1","1","1","3","流失风险用户"
"18104","4","1","3","8","一般用户"
"18105","4","1","1","6","一般用户"
"18106","1","3","3","7","挽留用户"
"18107","1","1","2","4","流失风险用户"
"18108","1","2","3","6","挽留用户"
"18109","5","5","5","15","高价值用户"
"18110","5","2","2","9","一般用户"
"18111","1","1","2","4","流失风险用户"
"18112","5","2","3","10","一般用户"
"18113","1","1","2","4","流失风险用户"
"18114","1","1","2","4","流失风险用户"
"18115","1","1","1","3","流失风险用户"
"18116","3","4","3","10","一般用户"
"18117","5","1","2","8","一般用户"
"18118","5","5","5","15","高价值用户"
"18119","1","1","2","4","流失风险用户"
"18120","1","1","1","3","流失风险用户"
"18121","2","2","3","7","挽留用户"
"18122","5","3","3","11","发展用户"
"18123","5","2","3","10","一般用户"
"18124","1","1","2","4","流失风险用户"
"18125","5","2","3","10","一般用户"
"18126","3","1","2","6","一般用户"
"18127","5","2","2","9","一般用户"
"18128","1","1","2","4","流失风险用户"
"18129","1","1","2","4","流失风险用户"
"18130","5","2","3","10","一般用户"
"18131","1","1","2","4","流失风险用户"
"18132","1","1","2","4","流失风险用户"
"18133","1","1","3","5","挽留用户"
"18134","1","2","2","5","流失风险用户"
"18135","5","4","3","12","发展用户"
"18136","3","3","3","9","一般用户"
"18137","1","1","2","4","流失风险用户"
"18138","1","1","2","4","流失风险用户"
"18139","5","3","5","13","发展用户"
"18140","1","1","2","4","流失风险用户"
"18141","1","2","3","6","挽留用户"
"18142","2","2","3","7","挽留用户"
"18143","3","2","3","8","一般用户"
"18144","5","4","4","13","高价值用户"
"18145","5","4","5","14","高价值用户"
"18146","2","2","2","6","流失风险用户"
"18147","4","2","2","8","一般用户"
"18148","1","1","2","4","流失风险用户"
"18149","1","3","3","7","挽留用户"
"18150","4","2","3","9","一般用户"
"18151","2","3","3","8","挽留用户"
"18152","1","1","2","4","流失风险用户"
"18153","1","1","2","4","流失风险用户"
"18154","5","3","3","11","发展用户"
"18155","3","2","2","7","一般用户"
"18156","5","2","3","10","一般用户"
"18157","1","1","2","4","流失风险用户"
"18158","5","2","2","9","一般用户"
"18159","1","1","3","5","挽留用户"
"18160","4","2","3","9","一般用户"
"18161","5","3","3","11","发展用户"
"18162","1","1","2","4","流失风险用户"
"18163","1","1","3","5","挽留用户"
"18164","4","1","2","7","一般用户"
"18165","2","1","2","5","流失风险用户"
"18166","1","1","2","4","流失风险用户"
"18167","5","2","3","10","一般用户"
"18168","2","4","4","10","挽留用户"
"18169","3","1","2","6","一般用户"
"18170","4","3","4","11","发展用户"
"18171","4","3","3","10","发展用户"
"18172","5","5","5","15","高价值用户"
"18173","3","3","4","10","一般用户"
"18175","1","1","2","4","流失风险用户"
"18176","1","1","2","4","流失风险用户"
"18177","4","3","3","10","发展用户"
"18178","2","4","5","11","挽留用户"
"18179","5","3","4","12","发展用户"
"18180","5","3","3","11","发展用户"
"18181","5","3","3","11","发展用户"
"18182","1","1","2","4","流失风险用户"
"18183","1","2","3","6","挽留用户"
"18184","5","1","1","7","一般用户"
"18185","1","1","2","4","流失风险用户"
"18186","1","1","2","4","流失风险用户"
"18187","1","1","3","5","挽留用户"
"18188","5","3","4","12","发展用户"
"18189","3","2","3","8","一般用户"
"18190","1","3","3","7","挽留用户"
"18191","1","2","3","6","挽留用户"
"18192","3","1","3","7","一般用户"
"18193","2","2","3","7","挽留用户"
"18194","3","3","4","10","一般用户"
"18195","1","1","1","3","流失风险用户"
"18196","3","2","3","8","一般用户"
"18197","1","1","2","4","流失风险用户"
"18198","5","4","5","14","高价值用户"
"18199","1","1","2","4","流失风险用户"
"18200","3","1","2","6","一般用户"
"18201","1","1","2","4","流失风险用户"
"18202","1","2","3","6","挽留用户"
"18203","2","2","2","6","流失风险用户"
"18204","3","2","3","8","一般用户"
"18205","4","2","2","8","一般用户"
"18206","1","1","2","4","流失风险用户"
"18207","1","1","2","4","流失风险用户"
"18208","1","1","2","4","流失风险用户"
"18209","5","1","1","7","一般用户"
"18210","5","3","4","12","发展用户"
"18211","5","3","3","11","发展用户"
"18212","1","2","2","5","流失风险用户"
"18213","1","1","2","4","流失风险用户"
"18214","1","2","3","6","挽留用户"
"18215","3","3","3","9","一般用户"
"18216","4","1","2","7","一般用户"
"18217","5","2","3","10","一般用户"
"18218","1","2","3","6","挽留用户"
"18219","5","4","4","13","高价值用户"
"18220","1","3","3","7","挽留用户"
"18221","5","3","3","11","发展用户"
"18222","3","1","2","6","一般用户"
"18223","5","5","5","15","高价值用户"
"18224","1","1","2","4","流失风险用户"
"18225","5","5","5","15","高价值用户"
"18226","4","5","5","14","高价值用户"
"18227","1","2","2","5","流失风险用户"
"18228","4","2","3","9","一般用户"
"18229","5","5","5","15","高价值用户"
"18230","5","3","4","12","发展用户"
"18231","1","5","5","11","挽留用户"
"18232","3","2","3","8","一般用户"
"18233","1","1","2","4","流失风险用户"
"18234","1","1","2","4","流失风险用户"
"18235","3","2","3","8","一般用户"
"18236","5","4","3","12","发展用户"
"18237","5","3","3","11","发展用户"
"18238","1","1","2","4","流失风险用户"
"18239","1","3","3","7","挽留用户"
"18240","4","1","1","6","一般用户"
"18241","5","5","4","14","高价值用户"
"18242","3","3","4","10","一般用户"
"18243","1","1","2","4","流失风险用户"
"18244","1","2","3","6","挽留用户"
"18245","5","5","5","15","高价值用户"
"18246","5","2","3","10","一般用户"
"18247","1","2","3","6","挽留用户"
"18248","2","2","3","7","挽留用户"
"18249","5","1","1","7","一般用户"
"18250","1","1","2","4","流失风险用户"
"18251","3","3","5","11","一般用户"
"18252","4","3","3","10","发展用户"
"18253","1","1","2","4","流失风险用户"
"18254","1","1","2","4","流失风险用户"
"18255","3","2","2","7","一般用户"
"18256","1","1","2","4","流失风险用户"
"18257","4","4","4","12","高价值用户"
"18258","1","3","3","7","挽留用户"
"18259","5","3","4","12","发展用户"
"18260","2","5","5","12","挽留用户"
"18261","4","2","2","8","一般用户"
"18262","2","2","3","7","挽留用户"
"18263","5","2","3","10","一般用户"
"18264","1","1","3","5","挽留用户"
"18265","3","2","3","8","一般用户"
"18266","1","1","2","4","流失风险用户"
"18267","1","1","2","4","流失风险用户"
"18268","1","3","3","7","挽留用户"
"18269","1","1","2","4","流失风险用户"
"18270","4","2","2","8","一般用户"
"18271","1","2","3","6","挽留用户"
"18272","5","3","4","12","发展用户"
"18274","4","1","2","7","一般用户"
"18275","1","2","3","6","挽留用户"
"18276","4","3","3","10","发展用户"
"18277","4","3","3","10","发展用户"
"18278","3","2","2","7","一般用户"
"18279","1","1","1","3","流失风险用户"
"18280","1","2","2","5","流失风险用户"
"18281","1","2","2","5","流失风险用户"
"18282","5","2","2","9","一般用户"
"18283","5","5","4","14","高价值用户"
"18284","1","1","2","4","流失风险用户"
"18285","1","1","2","4","流失风险用户"
"18286","1","2","3","6","挽留用户"
"18287","4","3","4","11","发展用户"
